title,price,rating,reviews,url
"Dell 16 DC16251 Touchscreen Laptop, Intel Core 7 Processor 150U(up to 5.4 GHz), 16"" FHD+ 300 Nits Display, 32 GB DDR5, 1 TB SSD, Backlit Keyboard, Fingerprint Reader, Copilot AI, Windows 11 Pro","996
..99",5.0 out of 5 stars,"Price, product page
$996.99
$996
.
99 
List: $1,599.99
List: 
$1,599.99
$1,599.99",N/A
"acer Nitro V 15.6” FHD IPS 165Hz Gaming Laptop, Intel Core i5-13420H, NVIDIA GeForce RTX 5050 with 8GB GDDR7 VRAM, Win11H, w/Mouse pad (16GB RAM, 512GB PCIe SSD)",N/A,4.4 out of 5 stars,300+ bought in past month,N/A
"Alienware 16 Aurora Laptop AC16250-16-inch 16:10 WQXGA Display, Intel Core 7-240H Series 2, 16GB DDR5 RAM, 1TB SSD, NVIDIA GeForce RTX 5060 8GB GDDR7, Windows 11 Home, Onsite Service - Blue",N/A,4.2 out of 5 stars,Products highlighted as 'Overall Pick' are:,N/A
"HP Stream 14"" HD Laptop, Intel Processor N150, 4GB RAM, 128GB UFS, Intel Graphics, Webcam, Wi-Fi 6, Long Battery Life, Copilot, Windows 11 S, Gold (Renewed)",N/A,4.3 out of 5 stars,N/A,N/A
"HP OmniBook X FILP Copilot+ PC 16 inch 2K Touch 2-in-1 Touchs Laptop, AMD Ryzen AI 5 340, 16GB DDR5 RAM, 512GB SSD, Backlit KB, Copilot+ PC, Windows 11 Home, Meteor Silver, 16-ar0013dx",N/A,4.4 out of 5 stars,100+ bought in past month,N/A
"Dell Inspiron 15.6"" FHD Touchscreen Business Laptop, 13th Gen Intel Core i5 (Beat i7-1250U), 12GB RAM, 512GB Storage(256GB SSD and 256GB External), Win 11, Office 365 for Web, USB-C, no Mouse",N/A,4.2 out of 5 stars,500+ bought in past month,N/A
"HP Stream 14"" HD BrightView Laptop, Intel Celeron N150, 16GB RAM, 416GB Storage (128GB eMMC + 288GB Docking Station Set), Intel UHD Graphics, 720p Camera, Wi-Fi, 1 Year Office 365, Win 11 S, Gold",N/A,4.4 out of 5 stars,500+ bought in past month,N/A
"Dell Inspiron Touchscreen Laptop, 15.6"" Business & Student Laptop Computer, Windows 11 Pro Laptop 32GB RAM 1TB SSD, Intel i5-1155G7 Processor, Full HD IPS Display, Numeric Keypad, HDMI, Carbon Black",N/A,4.2 out of 5 stars,200+ bought in past month,N/A
"Dell Latitude 5420 14"" FHD Business Laptop Computer, Intel Quad-Core i5-1145G7, 16GB DDR4 RAM, 256GB SSD, Camera, HDMI, Windows 11 Pro (Renewed)",N/A,4.1 out of 5 stars,500+ bought in past month,N/A
"Dell Touchscreen Laptop Computer, Intel 10-Core i5-1334U(Beat Ryzen 7 7730U), 32GB RAM 1TB SSD, Win 11 Pro WiFi6 Long Battery Life Bluetooth, 15.6"" Laptops for Gaming Business w/GM Accessory",N/A,5.0 out of 5 stars,50+ bought in past month,N/A
"ASUS Zenbook Duo Laptop, Dual 14” OLED 3K 120Hz Touch Display, Evo, Intel Core Ultra 9 285H, Intel Arc Graphics, 32GB RAM, 1TB SSD, Windows 11, UX8406CA-PS99T",N/A,4.5 out of 5 stars,,N/A
"Lenovo IdeaPad 15.6"" HD Laptop, AMD Athlon Silver 7120U, 4GB RAM, 128GB SSD, AMD Radeon 610M, Numeric Keypad, Long Battery Life, HD Webcam, Windows 11 S, Gray (Renewed)",N/A,4.3 out of 5 stars,N/A,N/A
"Dell 15 Laptop DC15250-15.6-inch FHD 120Hz Display, 13th Gen Intel Core i7-1355U, 16GB DDR4 RAM, 512GB SSD, Intel UHD Graphics, Windows 11 Home, Onsite Service - Platinum Silver",N/A,4.5 out of 5 stars,100+ bought in past month,N/A
"ASUS 2026 Vivobook 14"" FHD Laptop 10-Core Intel Core i5-1334U Iris Xe Graphics 12GB DDR4 256GB NVMe SSD USB-C with DP WiFi AC BT Webcam HDMI1.4 Windows 11 Home with RE USB","363
..49",4.4 out of 5 stars,50+ bought in past month,N/A
"Apple 2025 MacBook Air 15-inch Laptop with M4 chip: Built for Apple Intelligence, 15.3-inch Liquid Retina Display, 16GB Unified Memory, 512GB SSD Storage, 12MP Center Stage Camera, Touch ID; Midnight",N/A,4.8 out of 5 stars,1K+ bought in past month,N/A
"HP 2023 Chromebook Laptop, 14 Inch Display, Intel Celeron N4120 Processor, 4GB RAM, 64GB eMMC, Intel UHD Graphics 600, WiFi, Bluetooth, Chrome OS, Modern Gray",N/A,4.2 out of 5 stars,500+ bought in past month,N/A
"Lenovo Yoga 7 2-in-1 Laptop, 16"" 2K LCD Touchscreen, AMD 8-Core Ryzen AI 7 350(>Intel i7-1355U), AI Copilot, 16GB LPDDR5X, 1TB SSD, WiFi 7, Backlit KB, Fingerprint, FHD Webcam, W/Stylus, Win 11 PRO",N/A,4.8 out of 5 stars,,N/A
"HP Stream 14"" HD Laptop, Intel Processor N150, 4GB RAM, 128GB UFS, Intel Graphics, Copilot, Fast Charge, Wi-Fi 6, Windows 11 S, Sky Blue (Renewed)",N/A,4.3 out of 5 stars,N/A,N/A
"Dell Inspiron 15 15.6"" Laptop (FHD Touchscreen, AMD Ryzen 5 7530U, 16GB RAM, 512GB PCIe SSD, (6-Core Beat i7-1165G7)) Numeric Keypad, Webcam, 2023 Inspiron 3000 3535, Win 11 Home, Carbon Black",N/A,4.0 out of 5 stars,,N/A
"DELL 13th Generation Business Inspiron 15 3530 Laptop, 15.6"" FHD Touchscreen, Intel Core i7-1355U, 16GB RAM, 1TB SSD, Webcam, HDMI, Wi-Fi 6, Windows 11 Pro, Black",N/A,4.1 out of 5 stars,100+ bought in past month,N/A
"Lenovo Flagship Chromebook, 14'' FHD Touchscreen Slim Thin Light Laptop Computer, 8-Core MediaTek Kompanio 520 Processor, 4GB RAM, 64GB eMMC, WiFi 6,Chrome OS, Abyss Blue",N/A,4.3 out of 5 stars,,N/A
"Lenovo Laptop Computer for Business & Student, Intel Dual Core N4500 Processor, 15.6"" FHD, 8GB DDR4 RAM, 256GB PCIe SSD, WiFi 6, Bluetooth 5, Type-C, HDMI, Windows 11 Home",N/A,4.2 out of 5 stars,100+ bought in past month,N/A
"Dell Inspiron 15 3535 Touchscreen Laptop 15.6"" FHD (1920x1080) IPS, 8 Cores AMD Ryzen 7 7730U Up to 4.5 Ghz, 16GB RAM 1TB SSD, AMD Radeon Graphics, SD Card Reader, Windows 11","549
..49",4.3 out of 5 stars,50+ bought in past month,N/A
"HP 14"" HD Student Laptop, Intel Celeron N4500, 4GB DDR4 RAM, 64GB eMMC, Intel UHD Graphics, 720p HD Camera, Copilot, Fast Charge, Wi-Fi 6, Windows 11S, White (Renewed)",N/A,4.0 out of 5 stars,50+ bought in past month,N/A
"HP Laptop / 15.6"" FHD 1920x1080 Touchscreen / 8 Cores AMD Ryzen 7 7730U / AMD Radeon Graphics / 16GB DDR4 512GB NVMe SSD/Wi-Fi 6 Type-C HDMI / Win11 Home",N/A,5.0 out of 5 stars,,N/A
"Lenovo IdeaPad Slim 3 Chromebook - 2024 - Lightweight Laptop - Waves MaxxAudio® Speakers - 14"" HD Display -720p Camera - 4GB Memory - 64GB Storage - MediaTek Kompanio 520 - Abyss Blue",N/A,4.2 out of 5 stars,500+ bought in past month,N/A
"HP 14"" HD Laptop, Windows 11, Intel Celeron Dual-Core Processor Up to 2.60GHz, 4GB RAM, 64GB SSD, Webcam(Renewed)",N/A,4.1 out of 5 stars,300+ bought in past month,N/A
"acer Chromebook 315 Laptop | Intel Celeron N4500 | 15.6"" Full HD IPS Display | Intel UHD Graphics | 4GB LPDDR4X | 64GB eMMC | Intel Wi-Fi 6 | DTS Audio | USB Type-C | Chrome OS | CB315-4H-C8XU",N/A,4.4 out of 5 stars,500+ bought in past month,N/A
"ASUS V16 Gaming Laptop, 16” WUXGA 144Hz Display, Intel Core 7 Processor 240H, NVIDIA GeForce RTX 5060, 32GB Memory, 1TB Storage, Windows 11, Matte Black, V3607VM-DS79",N/A,4.0 out of 5 stars,,N/A
"Apple 2025 MacBook Air 13-inch Laptop with M4 chip: Built for Apple Intelligence, 13.6-inch Liquid Retina Display, 16GB Unified Memory, 256GB SSD Storage, 12MP Center Stage Camera, Touch ID; Silver",N/A,4.8 out of 5 stars,#1 Top Rated,N/A
Lenovo 2026 New V15 Laptop for Student & Business | Intel Pentium 4-Core Processor | 15.6 FHD Screen (1920 x 1080) | 12GB RAM | 256GB SSD | Ethernet RJ-45 | Windows 11 with Office 365 for The Web,N/A,4.5 out of 5 stars,500+ bought in past month,N/A
"Dell 15 Laptop DC15250-15.6-inch FHD (1920x1080) 120Hz Display, Intel Core i5-1334U Processor, 16GB DDR4 RAM, 512GB SSD, Intel UHD Graphics, Windows 11 Home, Onsite Service - Platinum Silver",N/A,4.5 out of 5 stars,1K+ bought in past month,N/A
"ASUS TUF Gaming A16 Laptop: AMD Ryzen 7 7445HS, 16"" Full HD+ 145Hz Display, NVIDIA GeForce RTX 4050, 16GB DDR5 RAM, 512GB SSD, Backlit Keyboard, Windows 11",N/A,4.5 out of 5 stars,,N/A
"Samsung 14"" Galaxy Chromebook Go Laptop PC Computer, Intel Celeron N4500 Processor, 4GB RAM, 64GB Storage, ChromeOS, XE340XDA-KA2US, Student Laptop, Silver",N/A,4.2 out of 5 stars,,N/A
"HP 14 Laptop, Intel Celeron N4020, 4 GB RAM, 64 GB Storage, 14-inch Micro-edge HD Display, Windows 11 Home, Thin & Portable, 4K Graphics, One Year of Microsoft 365 (14-dq0040nr, Snowflake White)",N/A,4.0 out of 5 stars,7K+ bought in past month,N/A
"HP 2023 Latest Essential Laptop, 17.3"" HD+ Touchscreen, 13th Gen Intel Core i7-1355U, 32GB RAM, 1TB PCIe SSD, Webcam, Backlit KB, FP Reader, Wi-Fi 6, Windows 11 Home",N/A,4.5 out of 5 stars,,N/A
"HP OmniBook 5 16"" Touchscreen Laptop, Intel Core Ultra 5 225U, 2K 1920 x 1200, 16GB Memory, 1TB SSD, Windows 11 Home, Model 16-af1055cl",N/A,5.0 out of 5 stars,,N/A
"HP 17 Laptop, 17.3"" HD+ Touchscreen, Intel Core i7-1255U Processor, 32GB RAM, 2TB SSD, Webcam, HDMI, Wi-Fi, Windows 11 Home, Silver",N/A,4.2 out of 5 stars,50+ bought in past month,N/A
"Dell 16 Laptop DC16251-16.0-inch 16:10 FHD+ Display, Intel Core 7 150U, 16GB DDR5 RAM, 1TB SSD, Intel Graphics, Windows 11 Home, Onsite Service - Platinum Silver",N/A,4.6 out of 5 stars,100+ bought in past month,N/A
"Lenovo Legion Pro 7i Gen 10 16"" Gaming Laptop (2025 Model) Intel Core Ultra 9 275HX 24C, NVIDIA GeForce RTX 5090 24GB, 64GB RAM, 2TB (1TB+1TB) NVMe SSD, 16"" WQXGA OLED 500 nits 240Hz, Windows 11 Home","3,699
..00",4.9 out of 5 stars,"Price, product page
$3,699.00
$3,699
.
00",N/A
"DELL 13th Generation Inspiron 15 3530 Laptop, 15.6"" FHD Touchscreen, Intel Core i7-1355U, 16GB RAM, 1TB SSD, Webcam, HDMI, Wi-Fi 6, Windows 11 Home, Black","589
..49",3.9 out of 5 stars,"Price, product page
$589.49
$589
.
49",N/A
"HP 17 Laptop, 17.3"" HD+ Touchscreen, Intel Core i7-1255U Processor, 16GB RAM, 512GB SSD, Webcam, HDMI, Wi-Fi, Windows 11 Home, Silver",N/A,4.2 out of 5 stars,,N/A
"HP Chromebook 14 Laptop, Intel Celeron N4000 Processor, 4 GB RAM, 32 GB eMMC, 14” HD Display, Chrome, Lightweight Computer with Webcam and Dual Mics, Home, School, Music, Movies (14a-na0021nr, 2021)",N/A,4.4 out of 5 stars,300+ bought in past month,N/A
"DELL LATITUDE 7420 i5 2.60GHz 16GB RAM 256GB SSD 14"" Grade A (Renewed)","249
..99",4.1 out of 5 stars,200+ bought in past month,N/A
"HP Touchscreen Laptop, 14-Core Intel Ultra 5 125H (Up to 4.5GHz, Beat i7-1360P), 32GB DDR5 RAM 1TB SSD, 15.6"" FHD Bluetooth 5.4 Win 11 Wifi6 Computer for Business Professional w/GM Accessory",N/A,5.0 out of 5 stars,,N/A
"HP 15.6"" FHD Touchscreen Business Laptop, Intel i7-1255U, 32GB RAM, 1TB PCIe SSD, Intel Iris Xe Graphics, Num Pad, Webcam, Windows 11 Pro, Natural Silver, 32GB Hotface USB Card",N/A,4.1 out of 5 stars,50+ bought in past month,N/A
"Lenovo ThinkPad T14 Gen 5 Business Laptop 14"" FHD+ IPS, Intel Ultra 5 125U, 16GB DDR5 RAM, 512GB SSD, 5MP HD Webcam, Fingerprint, Backlit, Wi-Fi 6E, 2 Thunderbolt 4, AI PC, W11P, 3 Yr Wty",N/A,4.3 out of 5 stars,100+ bought in past month,N/A
"HP Chromebook 14'' HD Laptop, Student and Business Laptop, Intel Celeron N4500, 4GB RAM, 64GB eMMC, Long Battery Life, Fast Charge, Chrome OS, Gray, 14a-ne1013dx (Renewed)",N/A,4.6 out of 5 stars,N/A,N/A
"Dell Inspiron 14 5440 Laptop - 14.0-inch 16:10 FHD+ (1920 x 1200) Display, Intel Core i5-1334U Processor, 8GB DDR5 RAM, 512GB SSD, Intel UHD Graphics, Windows 11 Home, Onsite Service - Carbon Black",N/A,4.0 out of 5 stars,,N/A
"ASUS TUF Gaming F16 (2025) Gaming Laptop, 16” FHD+ 165Hz IPS-Level 16:10 Display, Intel® Core™ i7 Processor 14650HX, NVIDIA® GeForce RTX™ 5050, 16GB DDR5, 1TB PCIe Gen4 SSD, Wi-Fi 6E, Windows 11 Home",N/A,4.7 out of 5 stars,50+ bought in past month,N/A
"Lenovo Yoga 9i 2-in-1 Aura Edition 14"" Copilot+ Laptop (2025) - Intel Ultra 7 258V 8-Core, 32GB RAM, 1TB M.2 NVMe SSD, 14.0"" 4K OLED Touchscreen, Windows 11 Pro - Cosmic Blue",N/A,4.2 out of 5 stars,,N/A
"ASUS Vivobook 16 Laptop: Ryzen AI 5 330, 16GBD DDR5 RAM, 512GB SSD, 16"" Full HD+ IPS Display, Windows 11","448
..19",N/A,"Price, product page
$448.19
$448
.
19",N/A
"ASUS Vivobook 15 Laptop: 15.6"" Full HD Display, Latest Generation Intel Core 5 120U, 16GB RAM, 512GB SSD, Wi-Fi 6, Windows 11 Home, Silver (Renewed)",N/A,N/A,N/A,N/A
"Apple MacBook Pro Late 2019 with 2.6GHz Intel Core i7 (16 inch, 16GB RAM, 512GB) Space Gray (Renewed)",N/A,3.9 out of 5 stars,200+ bought in past month,N/A
"Microsoft Surface Laptop for Business (2025) Windows 11 Pro Copilot+ PC, 15"" Qualcomm Snapdragon X Elite, 16 GB RAM, 512 GB SSD Storage, Black",N/A,4.0 out of 5 stars,,N/A
"HP - Victus 15.6"" Full HD 144Hz Gaming Laptop - Intel Core i5-13420H - 8GB Memory - NVIDIA GeForce RTX 3050-512GB SSD - Performance Blue","583
..19",4.3 out of 5 stars,"Price, product page
$583.19
$583
.
19",N/A
"acer Aspire 16 AI Copilot+ PC | 16"" WUXGA 120Hz Multi-Touch Display | Snapdragon X X1-26-100 | NPU: 45 Tops - GPU: Up to 1.7 TFLOPs | 16GB LPDDR5X | 512GB PCIe Gen 4 SSD | Wi-Fi 7 | A16-11MT-X669",N/A,4.6 out of 5 stars,500+ bought in past month,N/A
"Lenovo V15 Gen 4 Business Laptop, 15.6"" FHD Display, Intel Core i5-13420H (Beat i7-1355U), HDMI, RJ45, Webcam, Numeric Keypad, Wi-Fi, Windows 11 Pro, Black (16GB RAM | 512GB SSD)",N/A,4.6 out of 5 stars,500+ bought in past month,N/A
"ASUS Vivobook 14 14"" FHD Laptop, Intel Core i7-1355U, 1.7GHz, 12GB RAM, 512GB SSD, Windows 11 Home, Intel UHD Graphics, Wi-Fi5, Bluetooth, Quiet Blue, X1404VA-I712512","499
..49",4.6 out of 5 stars,"Price, product page
$499.49
$499
.
49",N/A
"ASUS TUF Gaming F16 (2025) Gaming Laptop, 16” FHD+ 165Hz 16:10 Display, Intel® Core™ i5 Processor 13450HX, NVIDIA® GeForce RTX™ 5050, 16GB DDR5, 512GB PCIe Gen4 SSD, Wi-Fi 6E, Win 11 Home",N/A,4.1 out of 5 stars,50+ bought in past month,N/A
"Lenovo 14 G4 - Laptop for Business - Intel Core i7-13620H - 14"" FHD Display - 8GB RAM (upgradable to 16GB) - 256GB Storage (upgradable to 1TB) - Windows 11 Home - Thin & Portable - Business Black",N/A,4.1 out of 5 stars,,N/A
"ASUS 2026 Laptop | Vivobook 14 | 14"" 1920 x 1080 | Intel-10 Core i5-1334U | Intel Iris Xe Graphics | 12GB DDR4 | 256GB SSD | Windows 11 Home | Wi-Fi 5 - Bluetooth 5-720p HD Camera - Quiet Blue","357
..19",4.2 out of 5 stars,"Price, product page
$357.19
$357
.
19",N/A
"ASUS Vivobook 16"" WUXGA 1920 x 1200 Laptop|Intel Core i7-1355U|Intel Iris X Graphics|Black|Backlit| 16GB RAM | 512GB SSD |Windows 11 Home |Bundle with Wireless Mouse",N/A,5.0 out of 5 stars,,N/A
"Lenovo 15.6"" FHD Chromebook-Intel Quad-Core N4120(> N4020) 4GB RAM,128GB Storage,(64GB eMMC+64GB SD Card),Home & Student Laptop,with Privacy Camera,Wi-Fi6,HDMI1.4,Chrome OS,Artic Grey",N/A,4.5 out of 5 stars,50+ bought in past month,N/A
"HP 2025 17 inch Business Laptop, Copilot AI PC, AMD Ryzen 5 7520u, 8GB DDR5 RAM 5500 MHz, 512 GB SSD, AMD Radeon CPU, 17.3"" FHD Anti-Glare, Wi-Fi 6, Windows 11 Pro, w/Accessories","469
..49",3.3 out of 5 stars,"Price, product page
$469.49
$469
.
49",N/A
"Dell Inspiron 15 3511 Laptop, 15.6"" FHD Touchscreen, Intel Core i5-1035G1, 12GB RAM, 256GB PCIe NVMe M.2 SSD, SD Card Reader, Webcam, HDMI, WiFi, Windows 11 Home, Black",N/A,4.2 out of 5 stars,,N/A
"acer Aspire 3 Premium Slim Laptop Computer with Backlit Keyboard - AMD Ryzen 5 7430U CPU - 8GB RAM - 256GB SSD - 15.6"" FHD Display - Fast Wi-Fi 6 - Windows 11 Pro - w/o Mouse",N/A,4.2 out of 5 stars,200+ bought in past month,N/A
"acer Aspire Go 15 AI Ready Laptop | 15.6"" FHD (1920 x 1080) IPS Display | Intel Core 3 Processor N355 | Intel Graphics | 8GB DDR5 | 128GB UFS | Wi-Fi 6 | Windows 11 Home in S Mode | AG15-32P-39R2",N/A,4.4 out of 5 stars,500+ bought in past month,N/A
"Lenovo V-Series V15 Business Laptop, 15.6"" FHD Display, AMD Ryzen 7 7730U, 40GB RAM, 1TB SSD, Numeric Keypad, HDMI, RJ45, Webcam, Wi-Fi, Windows 11 Pro, Black",N/A,4.3 out of 5 stars,200+ bought in past month,N/A
"Lenovo Legion 7i Gen 10, AI Gaming Laptop, Intel Ultra 9 275HX, 16"" OLED 2.6K (2560x1600) 240Hz 500 nits, 32 GB DDR5, 2 TB SSD, NVIDIA RTX 5070, 5MP Camera E Shutter, Wi-Fi 7, Win 11 - Glacier White","2,149
..00",4.2 out of 5 stars,"Price, product page
$2,149.00
$2,149
.
00",N/A
"Lenovo 2025 Copilot+ PC ThinkPad P14s Gen 6 Mobile Workstation with AMD Ryzen AI 7 PRO 350 Processor, 32GB DDR5 Memory, 1TB SSD, 14” WUXGA 500 nits 100% sRGB Non-Touch Display, Wi-Fi 7, and Win 11 Pro","1,245
..00",4.8 out of 5 stars,"Price, product page
$1,245.00
$1,245
.
00",N/A
"Alienware 18 Area-51 Gaming Laptop AA18250-18.0"" WQXGA 300Hz 3ms Display, Intel Core Ultra 9 275HX, NVIDIA GeForce RTX 5080, 32GB 2x16GB DDR5, 2TB SSD, 2MP FHD IR Camera, Windows 11 Home",N/A,4.2 out of 5 stars,,N/A
"HP Chromebook 14 Laptop, Intel Celeron N4120, 4 GB RAM, 64 GB eMMC, 14"" HD Display, Chrome OS, Thin Design, 4K Graphics, Long Battery Life, Ash Gray Keyboard (14a-na0226nr, 2022, Mineral Silver)",N/A,4.3 out of 5 stars,3K+ bought in past month,N/A
"EXCaliberPC [2025] ASUS ROG Zephyrus G16 GU605CX-XS98 (Intel Core Ultra 9 285H, 64GB RAM, 16TB WD NVMe SSD, NVIDIA GeForce RTX 5090, 16"" 240Hz OLED, Windows 11 Pro) Gaming Laptop","6,995
..00",2.6 out of 5 stars,"Price, product page
$6,995.00
$6,995
.
00",N/A
"HP 17.3"" Laptop for Home, Students, Business, Lifetime Office 365 for The Web, 17.3"" Touchscreen, 8-Cores Intel CPU, w/Copilot, 8GB RAM, 128GB eMMC, Camera Privacy Shutter, Win11 Pro",N/A,4.3 out of 5 stars,500+ bought in past month,N/A
"ASUS Vivobook 14 Laptop, 14"" FHD (1920x1080) LED Display, Intel i5-1334U, 10-Core, 12GB DDR4 RAM, 256GB PCIe SSD, HDMI, Quiet Blue, Windows 11 Home, TWE Mouse Pad","355
..49",4.4 out of 5 stars,"Price, product page
$355.49
$355
.
49",N/A
"acer Nitro V 16S 16” WUXGA IPS 180Hz Gaming Laptop, Intel Core 7 Processor 240H, NVIDIA GeForce RTX 5060 with 8GB GDDR7 VRAM, w/Mouse pad (16GB RAM | 1TB PCIe SSD, Win11 Home)","1,044
..49",N/A,"Price, product page
$1,044.49
$1,044
.
49 
Typical: $1,099.49
Typical: 
$1,099.49
$1,099.49",N/A
"acer Aspire 14 AI Portable Laptop 14"" WUXGA Matte Touch Intel 8-core Ultra 5 226V (Up to 40 NPU Tops - Up to 53 GPU Tops) 16GB RAM 1TB SSD for Creator Business Work Win11Pro ICP Hub/Copilot+ AI PC","569
..49",N/A,"Price, product page
$569.49
$569
.
49",N/A
"Dell Inspiron Touchscreen Laptop | Intel 10-Core i5-1334U (Beat i7-1250U) | 15.6"" FHD Anti-Glare | 16GB RAM | 1TB Storage (512GB PCIe SSD + 512GB Portable Drive) | Windows 11 Pro | Long Battery Life",N/A,4.4 out of 5 stars,,N/A
"Lenovo IdeaPad 1 Laptop, 15.6” FHD Display, Intel Celeron N4500 Processor, 20GB RAM, 1TB SSD, SD Card Reader, Numeric Keypad, HDMI, Wi-Fi 6, Windows 11 Home, 1 Year Office 365, Grey",N/A,4.1 out of 5 stars,300+ bought in past month,N/A
"Lenovo V15 Laptop, 15.6"" FHD Display, AMD Ryzen 5 5500U Hexa-core Processor (Beat Intel i7-1065G7), 16GB RAM, 512GB SSD, HDMI, RJ45, Numeric Keypad, Wi-Fi, Windows 11 Pro, Black",N/A,4.4 out of 5 stars,100+ bought in past month,N/A
"Lenovo IdeaPad Laptop Computer - 8GB RAM - 256GB SSD Storage - Intel Core - Microsoft Office for The Web | Rapid Charging, Webcam, Windows 11 no Mouse | Essential Laptop, Slim, Light",N/A,4.1 out of 5 stars,500+ bought in past month,N/A
acer Nitro V 16S 16” WUXGA IPS 180Hz Gaming Laptop|Intel Core 7 Processor 240H|NVIDIA GeForce RTX 5060|RGB Backlit|Black| 16GB RAM DDR5 | 1024GB SSD | Windows 11 Home | Bundle with USB 3.0 Hub,"1,024
..49",4.7 out of 5 stars,"Price, product page
$1,024.49
$1,024
.
49",N/A
"msi Summit A16 AI+ (2025) 16” QHD+ 165Hz 2-in-1 Touchscreen Laptop: AMD Ryzen AI 9-365, Radeon Graphics, 32GB LPDDR5x, 1TB NVMe SSD, 360 Flip, Pen, Win 11 Home: Ink Black A3HMTG-205US","1,199
..49",N/A,"Price, product page
$1,199.49
$1,199
.
49",N/A
"msi Raider 18 HX AI 18” 120Hz UHD+ Gaming Laptop: Intel Core U9-285HX, NVIDIA Geforce RTX 5090, 64GB DDR5, 2TB NVMe SSD, Thunderbolt 5, Wi-Fi 7, Win 11 Pro: Black A2XWJG-069US",N/A,3.4 out of 5 stars,,N/A
"Lenovo ThinkPad P16s Gen 4 Laptop with AMD Ryzen AI 7 PRO 350 Processor and Copilot +, OLED 16” WQUXGA Touchscreen Display, 32GB DDR5-5600MT of Memory, 1TB SSD, 5MP RGB+IR Cam, Wi-Fi 7, and Win 11 Pro","1,489
..00",4.1 out of 5 stars,50+ bought in past month,N/A
"ASUS ROG Strix G16 (2025) Gaming Laptop, 16” 16:10 FHD+ 165Hz/3ms Display, NVIDIA® GeForce RTX™ 5060 Laptop GPU, Intel® Core™ i9 Processor 14900HX, 16GB DDR5-5600, 1TB PCIe SSD, Wi-Fi 7, Win 11 Home",N/A,5.0 out of 5 stars,,N/A
"Dell 14 Plus Laptop DB14250-14-inch 16:10 2.5K (2560x1600) Display, Intel Core Ultra 7-258V, 32GB LPDDR5X RAM, 1TB SSD, Intel Arc Graphics, Backlit Copilot Key Keyboard, Windows 11 Home",N/A,4.1 out of 5 stars,,N/A
"Dell 16 Plus Laptop DB16250-16.0-inch 16:10 2.5K (2560x1600) Display, Intel Core Ultra 9 288V, 32GB LPDDR5X Memory, 2TB SSD, Arc Graphics, Backlit Copilot Key Keyboard, Windows 11 Home",N/A,4.2 out of 5 stars,200+ bought in past month,N/A
"ASUS Vivobook 16"" WUXGA Laptop Intel Core i7-1355U 16GB RAM 512GB SSD Intel Iris Xe Graphics Lightweight Portable Notebook Black Windows 11",N/A,4.9 out of 5 stars,100+ bought in past month,N/A
"acer Aspire 3 A315-24P-R7VH Slim Laptop | 15.6"" Full HD | AMD Ryzen 3 7320U Quad-Core | AMD Radeon Graphics | 8GB LPDDR5 | 128GB NVMe SSD | Wi-Fi 6 | Windows 11 Home",N/A,4.2 out of 5 stars,500+ bought in past month,N/A
"HP OMEN Ultra Slim RTX 5070 Gaming Laptop, 16"" WQXGA 240Hz, Intel Ultra 9 285H(Beats Intel i9-14900), NVIDIA RTX 5070, 64GB DDR5 RAM, 2TB SSD, Backlit KB, Bundle with PCO Laptop Cooler",N/A,3.9 out of 5 stars,,N/A
"Lenovo 2026 New V15 Laptop for Student & Business, Powerful AMD Ryzen 3 7320U (Beat i7-1065G7), 15.6 inch FHD, 16GB RAM, 256GB SSD, Ethernet Port RJ-45, Windows 11 Pro, Long Battery Life, No Mouse",N/A,4.0 out of 5 stars,100+ bought in past month,N/A
"Dell Inspiron 15 3530 Business Laptop, 15.6"" FHD Touchscreen, 16GB RAM 1TB PCIe SSD Intel 10-Core i5-1334U (Beat i7-1250U), Computer for Student-Home Copilot AI WiFi 6 Win 11 Pro, w/GM Accessory",N/A,5.0 out of 5 stars,,N/A
"Lenovo 2022 Ideapad 3 Laptop, 15.6"" HD Touchscreen, 11th Gen Intel Core i3-1115G4 Processor, 8GB DDR4 RAM, 256GB PCIe NVMe SSD, HDMI, Webcam, Wi-Fi 5, Bluetooth, Windows 11 Home, Almond",N/A,4.3 out of 5 stars,50+ bought in past month,N/A
"Lenovo ThinkPad E16 Gen 1 21JN0073US 16"" Notebook - WUXGA - 1920 x 1200 - Intel Core i7 13th Gen i7-1355U Deca-core (10 Core) 1.70 GHz - 16 GB Total RAM - 8 GB On-Board Memory - 512 GB SSD - Graphite",N/A,4.5 out of 5 stars,,N/A
"Dell 16 Laptop Computer, Intel Core 7 150U Processor, 16"" FHD+ IPS Touchscreen Anti-Glare Display, 32GB DDR5 RAM, 1TB PCIe SSD, WiFi 6E, Bluetooth 5.3, Backlit Keyboard, Windows 11 Home",N/A,4.4 out of 5 stars,100+ bought in past month,N/A
HP Ultrabook Laptop with Copilot AI & Office 365 • Intel High Performance CPU • 8GB RAM • 1.3TB Storage (320GB SSD and 1TB OneDrive) • Windows 11 w/o Earbuds,N/A,3.7 out of 5 stars,,N/A
"msi Summit A16 AI+ (2025) 16” QHD+ 165Hz 2-in-1 Touchscreen Laptop: AMD Ryzen AI 9-365, Radeon Graphics, 32GB LPDDR5x, 1TB NVMe SSD, 360 Flip, Pen, Win 11 Home: Ink Black A3HMTG-205US","1,199
..49",N/A,"Price, product page
$1,199.49
$1,199
.
49",N/A
"Lenovo ThinkPad X1 Carbon Gen 12 21KC00A7US 14"" Touchscreen Notebook - WUXGA - Core Ultra 7 155U - Evo Platform - 32GB - 512 GB SSD - Windows 11 Professional",N/A,4.5 out of 5 stars,100+ bought in past month,N/A
Microsoft Surface Laptop 4 (7ID-00001) 13.5-inch Touchscreen Pixelsense Ryzen7-4980U 16GB RAM 512GB SSD Windows 10 Pro Black,N/A,N/A,,N/A
"Lenovo 2022 Ideapad 3 Laptop, 15.6"" HD Touchscreen, 11th Gen Intel Core i3-1115G4 Processor, 8GB DDR4 RAM, 256GB PCIe NVMe SSD, HDMI, Webcam, Wi-Fi 5, Bluetooth, Windows 11 Home, Almond",N/A,4.3 out of 5 stars,50+ bought in past month,N/A
"Microsoft Surface Laptop 5 (2022), 15"" Touch Screen, Thin & Lightweight, Long Battery Life, Fast Intel i7 Processor for Multi-Tasking, 8GB RAM, 512GB Storage with Windows 11, Black Microsoft Copilot",N/A,4.5 out of 5 stars,,N/A
"Dell Latitude 5420 Laptop, 14"" FHD(1920x1080), Core i5-1135G7, 16 GB RAM, 256 GB SSD, CAM, Windows 11 Pro (Renewed)",N/A,3.5 out of 5 stars,N/A,N/A
"Alienware 16 Aurora Gaming Laptop AC16250-16"" WQXGA 120Hz Display, Intel Core 7-240H Processor, 16GB DDR5 RAM, 1TB SSD, NVIDIA GeForce RTX 5050 8GB Graphics, Windows 11 Home, Onsite Service - Blue",N/A,4.4 out of 5 stars,300+ bought in past month,N/A
"Microsoft Surface Laptop 6 for Business AI PC 13.5"", Windows 11 Pro, Intel Core Ultra 7, 16GB, 256GB SSD, Black",N/A,N/A,,N/A
"Dell Inspiron 5440 Laptop - 14.0-inch 16:10 FHD+ (1920 x 1200) Display, Intel Core 7-150U Processor, 16GB DDR5 RAM, 1TB SSD, Intel Graphics, Windows 11 Home, Onsite Service - Carbon Black","612
..49",4.2 out of 5 stars,"Price, product page
$612.49
$612
.
49 
List: $749.99
List: 
$749.99
$749.99",N/A
"Microsoft Surface Laptop Go 3 (2023) - 12.4"" Touchscreen, Thin & Lightweight, Intel Core i5, 8GB RAM, 256GB SSD SSD, with Windows 11, Platinum Color Microsoft Copilot",N/A,4.5 out of 5 stars,,N/A
"Dell Inspiron 15 Laptop, 15.6"" Touchscreen FHD Computer, 8-Core AMD Ryzen 7 7730U (Beat Ultra 5 125U), 32GB DDR4 RAM, 1TB PCIe SSD, WiFi, Bluetooth, Webcam, HDMI, Windows 11 Pro (Renewed)",N/A,N/A,N/A,N/A
"Lenovo ThinkBook 15 Business Laptop (15.6"" FHD Anti-Glare, AMD 8-Core Ryzen 7 5825U (Beat Intel i7-1165G7), 16GB RAM, 1TB SSD), Fingerprint, Webcam, Ethernet, Wi-Fi 6, IST SD Card, Win 11 Pro, Grey",N/A,4.4 out of 5 stars,,N/A
"Lenovo ThinkBook 16 G7 Business Laptop, 16” FHD+, AMD Ryzen 7 7735HS, 32GB DDR5, 1TB NVMe, WiFi 6E + BT, Backlit KB, Fingerprint Reader, HD Webcam, Win 11 Pro",N/A,4.6 out of 5 stars,,N/A
"Lenovo ThinkPad P14s Gen 5 Intel Core Ultra 7 155H, 16C, 14.5"" 3K (3072 x 1920) Non-Touch,120Hz, 32GB RAM DDR5, 1 TB SSD, NVIDIA RTX 500 Ada Backlit KYB, Fingerprint Reader, Windows 11 Pro",N/A,4.7 out of 5 stars,,N/A
"HP 15.6"" Touchscreen Laptop 2026, 13th Gen Intel i3-1315U(Up to 4.5GHz), 15.6 inch Anti-Glare Display, 16GB RAM + 512GB SSD, Win 11 Pro, Wi-Fi 6, AI Copilot for Business & School, Patented KB Kit",N/A,4.2 out of 5 stars,,N/A
"Acer Aspire Go 15.6"" Full HD IPS Touch Screen Laptop, AMD Ryzen 5-7520U Quad-Core Processor | 8GB LPDDR5 | 512GB NVMe SSD | Wi-Fi 6, Win 11 Home, Silver",N/A,4.2 out of 5 stars,,N/A
"Lenovo IdeaPad 1 Student Laptop, Intel Dual Core Processor, 20GB RAM, 1TB SSD + 128GB eMMC, 15.6"" FHD Display, 1 Year Office 365, Windows 11 Home, Wi-Fi 6, Webcam, Bluetooth, SD Card Reader, Grey",N/A,4.0 out of 5 stars,400+ bought in past month,N/A
"Dell Latitude 7430 14"" Laptop (Latest Latitude 2023) Intel 12th Gen Core i7-1265U(10-Core) 512GB SSD 16GB RAM Full HD (1920x1080) Windows 11 PRO (Renewed)",N/A,4.0 out of 5 stars,N/A,N/A
"HP OMEN 17.3"" RTX 5060 AI Gaming Laptop, FHD IPS 144Hz, AMD Ryzen AI 9 365(Beats Intel i9), 32GB DDR5 RAM, 1TB SSD, RGB Backlit KB, Low Blue Light, Bundle with Thunderobot 7 in-1 USB-C Hub",N/A,5.0 out of 5 stars,,N/A
"msi Vector 16 HX AI 16” 240Hz QHD+ Gaming Laptop: Intel Core Ultra 9-275HX, NVIDIA Geforce RTX 5080, 32GB DDR5, 2TB NVMe SSD, Thunderbolt 5, Wi-Fi 7, Win 11 Pro: Cosmo Gray A2XWIG-058US",N/A,4.1 out of 5 stars,,N/A
"Lenovo| Yoga 7i Intel Core i7-1355U 16"" WUXGA 2 in 1 Touch-Screen Laptop16GB Memory 512GB SSD Storm Grey 82YN0002US",N/A,4.3 out of 5 stars,,N/A
"ASUS ROG Strix G16 (2025) Gaming Laptop, 16” FHD+ 16:10 165Hz/3ms Display, NVIDIA® GeForce RTX™ 5050 Laptop GPU, Intel® Core™ i7 Processor 14650HX, 16GB DDR5, 1TB PCIe Gen 4 SSD, Wi-Fi 7, Win 11 Home",N/A,4.3 out of 5 stars,,N/A
"ASUS ROG Strix G18 ROG Nebula Display 2.5K 240Hz 3ms 18"" Gaming Laptop AMD Ryzen 9 8940HX 16GB RAM 1TB SSD NVIDIA GeForce RTX 5070 Eclipse Grey",N/A,4.0 out of 5 stars,,N/A
"HP Chromebook 14'' HD Laptop, Student and Business Laptop, Intel Celeron N4500, 4GB RAM, 64GB eMMC, Long Battery Life, Fast Charge, Chrome OS, Gray, 14a-ne1013dx",N/A,5.0 out of 5 stars,50+ bought in past month,N/A
"HP Victus 15.6 inch Gaming Laptop, 13th Generation Intel Core i5-13420H, 8 GB RAM, 512 GB SSD, NVIDIA GeForce RTX 2050 GPU (4 GB), Windows 11 Home, Powder Pink, 15-fa2445nr",N/A,5.0 out of 5 stars,,N/A
"Lenovo ThinkPad E15 Gen 2 Business Laptop, 15.6"" Full HD Display, Intel Core i5-1135G7 Processor, 16GB RAM, 512GB SSD, Wi-Fi 6, HDMI, Windows 11 Pro, Black",N/A,3.3 out of 5 stars,,N/A
"DELL Inspiron 3520 15.6"" Touchscreen i7 Laptop, 15.6"" FHD Touchscreen, Intel Core i7-1255U, 32GB RAM, 1TB SSD, Numeric Keypad, Webcam, SD Card Reader, HDMI, Wi-Fi, Windows 11 Home, Black",N/A,4.2 out of 5 stars,,N/A
"ASUS Vivobook 14"" FHD Laptop for Student Business Home School, Intel 10-Core i5-1334U, 16GB RAM 512GB SSD, Numeric Keypad, Private Webcam, Windows 11",N/A,4.4 out of 5 stars,,N/A
"MSI Summit E13 Flip Evo (2024) 13.4"" FHD+ 120Hz Professional 2 in 1 Laptop: Intel Core i7-1360P, Intel Iris Xe, 16GB LPDDR5, 1TB NVMe SSD, Thunderbolt 4, WiFi 6E, Win 11 Home: Ink Black A13MT-243US",N/A,4.0 out of 5 stars,,N/A
"HP Laptop Computer 15.6"" FHD Anti-Glare Display, 13th Gen Intel Core i7-1355U Processor, 16GB RAM, 1TB SSD, Intel Iris Xe Graphics, Wi-Fi 6, Bluetooth 5.3, Windows 11 Home",N/A,4.2 out of 5 stars,,N/A
"Dell Inspiron 15 3000 3520 Business Laptop Computer[Windows 11 Pro], 15.6'' FHD Touchscreen, 11th Gen Intel Quad-Core i5-1135G7, 16GB RAM, 1TB PCIe SSD, Numeric Keypad, Wi-Fi, Webcam, HDMI, Black",N/A,4.3 out of 5 stars,100+ bought in past month,N/A
"Microsoft Surface Laptop for Business Windows 11 Pro Copilot+ PC, 15"" Qualcomm Snapdragon X Elite, 32GB RAM, 1TB SSD Storage",N/A,1.0 out of 5 stars,,N/A
"HP 14 Laptop Student Business 2025 Flagship Computer, AI Copilot, 4-Core 13th Gen Intel CPU, 16GB RAM 628GB Storage (128GB UFS+500GB Ext) 1-Yr Office 365 Long Battery HubxcelAccessory Win 11S Lavender",N/A,4.2 out of 5 stars,100+ bought in past month,N/A
"ASUS TUF Gaming A16 Laptop 16"" WUXGA IPS 144Hz AMD 6-core Ryzen 7 7445HS 16GB DDR5 512GB SSD NVIDIA GeForce RTX 4050 (Up to 194 AI Tops) RGB Backlit USB4 Two-Way AI Noise Cancelation Win11 w/ICP Hub",N/A,4.7 out of 5 stars,,N/A
"HP OmniBook 5 16 inch AI PC, 2K Touchscreen Display, Intel Core Ultra 5 225U, 16 GB RAM, 512 GB SSD, Intel Graphics, Windows 11 Home, Glacier Silver, 16-af1700nr","579
..49",3.9 out of 5 stars,"Price, product page
$579.49
$579
.
49 
List: $859.99
List: 
$859.99
$859.99",N/A
"msi Thin A15 15.6” 144Hz FHD Gaming Laptop: Ryzen 7-7735HS, NVIDIA Geforce RTX 4050, 16GB DDR5, 512GB NVMe SSD, Cooler Boost 5, Win 11: Black B7VE-214US",N/A,4.3 out of 5 stars,,N/A
"HP 15.6"" Portable Laptop, HD Display, Intel Quad-Core N200 Processor, 8GB RAM, 128GB Storage, Wi-Fi 6, Webcam, HDMI, Numeric Keypad, Windows 11 Home, Black (Renewed)",N/A,4.8 out of 5 stars,N/A,N/A
Dell Pro 14 Plus PB14255 AMD Ryzen 5 PRO 230 16GB 512GBSSD 14FHD+Non-Touch IRCamera AMDRyzen 3Cell 65W Backlit kb Win11Pro,N/A,5.0 out of 5 stars,,N/A
"HP 17t Performance Business Laptop, 17.3"" FHD, Intel Core i7-1355U, 16GB RAM, 1TB SSD, Fingerprint Reader, HDMI, SuperSpeed USB, Wi-Fi 6, Backlit Keyboard, Windows 11 Pro, Silver","679
..49",3.7 out of 5 stars,"Price, product page
$679.49
$679
.
49",N/A
"HP 15 Laptop, Intel i7-1355U, 16 GB DDR4 RAM, 512 GB PCIe SSD, 15.6"" FHD (1920x1080) Touchscreen, Iris Xe Graphics, W11 Home, Natural Silver","583
..49",2.5 out of 5 stars,"Price, product page
$583.49
$583
.
49",N/A
HP Victus 15.6 inch FHD 144Hz Gaming Laptop Intel Core i5-13420H NVIDIA GeForce RTX 4050 6GB - 16GB DDR4 512GB SSD Mica Silver (2024),N/A,4.5 out of 5 stars,100+ bought in past month,N/A
"Lenovo 2026 V15 Laptop for Student & Business, AMD 7000 Series Ryzen CPU (Beats Intel i7-1160G7), 15.6"" FHD IPS Display, 16GB RAM, 256GB SSD, Ethernet Port RJ-45, Windows 11 Pro, WOWPC USB, No Mouse",N/A,4.3 out of 5 stars,50+ bought in past month,N/A
"HP Pavilion 15.6"" HD Touchscreen Laptop, Intel i5-1235U, 16GB DDR4 RAM, 1TB PCIe SSD, Intel Iris Xe Graphics, Full Size Keyboard, 720p Webcam, Wi-Fi 6E, Win 11 Pro, Silver (Renewed)",N/A,N/A,N/A,N/A
"acer Nitro V Gaming Laptop | Intel Core 9 Processor 270H | NVIDIA GeForce RTX 5070 Laptop GPU | 16"" WUXGA IPS 180Hz Display | 32GB DDR5 | 1TB Gen 4 SSD | Wi-Fi 6 | Backlit KB | ANV16-72-933F",N/A,4.0 out of 5 stars,100+ bought in past month,N/A
"HP Pavilion 15.6"" FHD Touchscreen Laptop Computer, 10-Core Intel Core i5-1334U, 16GB RAM, 512GB SSD, Webcam, Fast Wi-Fi 6, 11 Hours Long Battery Life, Windows 11 Pro w/AI Copilot (16GB | 512GB SSD)",N/A,4.3 out of 5 stars,,N/A
"HP Latest Business Professional Laptop, 17.3"" HD+ Touchscreen, Intel Core i5-1334U, 16GB RAM, 1TB SSD, Webcam, HDMI, FP Reader, Backlit KB, Wi-Fi 6, Windows 11 Pro, Silver",N/A,4.4 out of 5 stars,,N/A
"HP EliteBook Ultra G1q Notebook AI PC Qualcomm Snapdragon 16GB RAM 512GB SSD Qualcomm Adreno GPU Atmosphere Blue - Qualcomm Snapdragon X Elite X1E-78-100 (Up to 3.4 GHz, 12 cores) - 2.2K (2240 x 1400)",N/A,5.0 out of 5 stars,,N/A
"HP 14"" Ultral Light Laptop for Students and Business, Intel Quad-Core, 8GB RAM, 192GB Storage(64GB eMMC+128GB Ghost Manta SD Card), 1 Year Office 365, USB C, Win 11 S",N/A,4.0 out of 5 stars,500+ bought in past month,N/A
"Lenovo ThinkBook 14 G7 ARP 21MV0009US 14"" Touchscreen Notebook - WUXGA - AMD Ryzen 5 7535HS - 16 GB - 512 GB SSD - English (US) Keyboard - Arctic Gray",N/A,4.0 out of 5 stars,,N/A
"Dell Inspiron 15 3000 3535 Laptop (15.6"" FHD Touchscreen, AMD Ryzen 5 7530U, 32GB RAM, 1TB SSD, 6-Core (> i7-1165G7)) for Business, College Students, Enterprises, Webcam, Numeric Keypad, Win 11 Pro",N/A,4.2 out of 5 stars,,N/A
"Microsoft Surface Laptop 6 for Business, Windows 11 Pro, AI PC, 13.5' Touchscreen Display, Intel Core Ultra 7, 32GB RAM, 512GB SSD, Black",N/A,4.4 out of 5 stars,,N/A
"Lenovo V15 Business Laptop | 15.6"" FHD Anti-Glare | Intel Core i7-13620H | 40GB RAM | 1TB SSD | HDMI | Numeric Keypad | Webcam | Wi-Fi 6 | Windows 11 Pro | Bundle with Thunderobot Wireless Mouse",N/A,4.4 out of 5 stars,,N/A
"EXCaliberPC [2025] MSI Raider 18 HX AI A2XWJG-069US (Intel Core Ultra 9 285HX, 128GB DDR5 RAM, 16TB WD NVMe SSD, NVIDIA GeForce RTX 5090, 18"" UHD+ mini LED, Windows 11 Pro) Gaming Laptop","7,949
..00",5.0 out of 5 stars,"Price, product page
$7,949.00
$7,949
.
00",N/A
"HP 14"" HD Laptop, Windows 11, Intel Celeron Dual-Core Processor Up to 2.60GHz, 4GB RAM, 64GB SSD, Webcam, Dale Blue (Renewed)",N/A,4.2 out of 5 stars,400+ bought in past month,N/A
"HP 14 inch Laptop, HD Display, Intel Core i3-N305, 8 GB RAM, 256 GB SSD, Intel UHD Graphics, Windows 11 Home in S Mode, Natural Silver, 14-ep0299nr",N/A,4.5 out of 5 stars,200+ bought in past month,N/A
"Dell 16-inch Touchscreen Business Laptop - AMD Ryzen 7 250(Beat Core 7 150U)| 16 Tops NPU | AI Copilot Key | 16"" FHD+ Display |Backlit KB|Win 11 Pro|Carbon Black(32GB DDR5 | 1TB SSD)","999
..00",4.8 out of 5 stars,"Price, product page
$999.00
$999
.
00",N/A
"msi Thin 15 15.6"" FHD 144Hz Gaming Laptop, Intel i5-13420H, 32GB RAM, 1TB PCIe SSD, NVIDIA GeForce RTX 4060, Backlit Keyboard, Wi-Fi 6E, Windows 11, Gray (Renewed)",N/A,N/A,N/A,N/A
acer Aspire 3 Touch Slim Laptop in Mettalic Silver Ryzen 5 4-Core up to 4.3GHz 16GB RAM 1TB SSD 15.6in FHD HDMI W11 (A315-24PT - Renewed),N/A,4.2 out of 5 stars,50+ bought in past month,N/A
"msi Katana 15.6"" QHD 165Hz Gaming Laptop, Intel i7-14650HX, GeForce RTX 5070 8GB GDDR7, 16GB DDR5, 1TB SSD, 4-Zone RGB Backlit Keyboard, Wi-Fi 6E, Win 11 Pro, Black, 512GB Docking Station Set","1,349
..49",5.0 out of 5 stars,"Price, product page
$1,349.49
$1,349
.
49",N/A
"acer Nitro V 16 AI Gaming Laptop 16"" WUXGA IPS 180Hz AMD 6-core Ryzen 5 240 16GB DDR5 512GB SSD GeForce RTX 5050 (Up to 421 AI Tops) Backlit Wi-Fi6E Type-C Win11Pro w/ICP Hub","814
..49",4.1 out of 5 stars,"Price, product page
$814.49
$814
.
49",N/A
"MSI Titan 18 HX AI 18"" 120Hz MiniLED UHD+ Gaming Laptop: Intel Ultra 9-285HX, NVIDIA Geforce RTX 5080, 64GB DDR5, 4TB NVMe SSD, Thunderbolt 5, Wi-Fi 7, Win 11 Pro: Black A2XWIG-616US",N/A,4.6 out of 5 stars,,N/A
"ASUS 15.6"" FHD IPS Chromebook Plus, Intel Celeron Processor Up to 2.79GHz, 4GB Ram, 128GB SSD, HDMI, Ultra-Fast WiFi 6, Chrome OS, Star Blue, Renewed",N/A,4.4 out of 5 stars,50+ bought in past month,N/A
"HP Pavilion 15.6"" FHD Touchscreen Business Laptop, AMD Ryzen 7 7730U, 16GB RAM, 512GB PCIe SSD, Numeric Keypad, Webcam, Wi-Fi 6, HDMI, Windows 11, W/Mouse","519
..00",4.1 out of 5 stars,"Price, product page
$519.00
$519
.
00",N/A
"Dell Inspiron 16 5645 Laptop - 16.0 16:10 FHD+ (1920 x 1200) Display, AMD Ryzen 7-8840U, 16GB DDR5 RAM, 1TB SSD, AMD Radeon Graphics, Windows 11 Home, Onsite & Migrate Services - Midnight Blue",N/A,4.1 out of 5 stars,,N/A
"acer Nitro V Gaming Laptop | Intel Core i9-13900H Processor | NVIDIA GeForce RTX 5060 Laptop GPU | 15.6"" FHD IPS 165Hz Display | 16GB DDR4 | 1TB Gen 4 SSD | Wi-Fi 6 | Backlit KB | ANV15-52-98KV",N/A,4.0 out of 5 stars,200+ bought in past month,N/A
"acer Aspire 14"" AI Copilot+ PC - Intel Core Ultra 5 226V – WUXGA (1920 x 1200) Touchscreen Display - 16GB RAM - 1TB SSD - Windows 11 Home – Steel Gray",N/A,3.7 out of 5 stars,,N/A
HP Smart Buy ELITEBOOK X360 830 G7 I7-10610U 13.3IN 16GB 512GB,N/A,N/A,,N/A
"Dell 2025 Personal Laptop | 15 DC | 15.6"" 1920 x 1080 Touch IPS | Intel 10-Core i7-1355U | Intel Iris Xe Graphics | 16GB DDR4 | 1TB SSD | Win11 Home | Wi-Fi 6 - BT 5.2-720p HD Camera - Carbon Black","648
..49",N/A,"Price, product page
$648.49
$648
.
49",N/A
"ASUS ROG Strix G16 (2025) Gaming Laptop, 16” ROG Nebula Display 16:10 2.5K 240Hz/3ms, NVIDIA® GeForce RTX™ 5060 GPU, Intel® Core™ Ultra 9 Processor 275HX, 16GB DDR5, 1TB SSD, Wi-Fi 7, Wind11 Home",N/A,4.4 out of 5 stars,,N/A
"msi Katana 15.6” 165Hz QHD Gaming Laptop Computer, 14th Gen Intel Core i7-14650HX, NVIDIA Geforce RTX 5070, 16GB DDR5 RAM, 1TB NVMe SSD, RGB Keyboard, Windows 11 Pro","1,319
..49",5.0 out of 5 stars,"Price, product page
$1,319.49
$1,319
.
49",N/A
"Lenovo LOQ 15.6"" Full HD 144Hz Gaming Laptop Intel Core i5-12450H 8GB RAM 512GB SSD NVIDIA GeForce RTX 3050 6GB Storm Gray",N/A,4.2 out of 5 stars,,N/A
"Dell 2023 Inspiron 15 3525 Laptop, 15.6"" FHD Display, AMD Ryzen 7 5700U(8-core) Processor, 16GB RAM, 1TB SSD, AMD Radeon Graphics, Wi-Fi, Bluetooth, HDMI, Windows 11 Home, Carbon Black",N/A,4.3 out of 5 stars,,N/A
"acer Aspire 3 A315-24PT-R0UX Slim Laptop, 15.6"" Full HD IPS Touch Display, AMD Ryzen 5 7520U Quad-Core Processor, AMD Radeon Graphics, 16GB LPDDR5, 512GB NVMe SSD, Wi-Fi 6, Windows 11 Home",N/A,4.2 out of 5 stars,50+ bought in past month,N/A
"HP Latest Stream 14"" HD Laptop, Intel Celeron Processor, 4GB Memory, 64GB eMMC Storage, Fast Charge, HDMI, Up to 11 Hours Long Battery Life, Office 365 1-Year, Win 11 S, Microfiber Bundle, White",N/A,4.2 out of 5 stars,200+ bought in past month,N/A
"HP Envy x360 2-in-1 Touchscreen Laptop, 14"" FHD, 10-Core Intel Core 5 120U (Beats i7-1255U), 8GB RAM, 512GB SSD, FP Reader, Backlit, WiFi 6E, Stylus Pen, Microsoft Office Lifetime Suite, Win 11 Pro",N/A,4.2 out of 5 stars,,N/A
"Lenovo IdeaPad 1 Student Laptop, 15.6"" FHD Display, Intel Dual Core Processor, 12GB RAM, 512GB SSD + 128GB eMMC, 1 Year Office 365, Wi-Fi 6, Webcam, Bluetooth, SD Card Reader, Windows 11 Home, Grey",N/A,4.2 out of 5 stars,200+ bought in past month,N/A
"HP 17.3"" IPS Anti-Glare FHD (1920 x 1080), Laptop - Intel Core 5 Processor 120U (10-Core) 5.0GHz Max Turbo - Windows 11, Wi-Fi 6 (2 x 2), Backlit Keyboard, 512GB M.2 SSD, 16GB RAM",N/A,2.7 out of 5 stars,,N/A
"MSI 2024 Laptop | Summit E14 Flip Evo | 14"" 2880 x 1800 Touch IPS | Intel-12 Core i7-1360P | 32GB LPDDR5 | 1TB SSD | Windows 11 Home | Wi-Fi 6E - BT 5.2 - Backlit KB - 1080p FHD + IR Camera - Black","909
..49",5.0 out of 5 stars,"Price, product page
$909.49
$909
.
49",N/A
"HP 2023 Chromebook Laptop, 14 Inch Display, Intel Celeron N4120 Processor, 4GB RAM, 64GB eMMC, Intel UHD Graphics 600, WiFi, Bluetooth, Chrome OS, Modern Gray (Renewed)",N/A,4.3 out of 5 stars,N/A,N/A
"HP 14"" HD Display Laptop, Intel Celeron N4500, 4GB ram, 64GB eMMC, Intel UHD Graphics, Wi-Fi 6, 720p HD Camera, Media Card Reader, Win 11S, White (Renewed)",N/A,3.5 out of 5 stars,50+ bought in past month,N/A
"HP 17 Laptop, 17.3” HD+ Display, 11th Gen Intel Core i3-1125G4 Processor, 32GB RAM, 1TB SSD, Wi-Fi, HDMI, Webcam, Windows 11 Home, Silver",N/A,4.2 out of 5 stars,,N/A
"HP Stream 14"" HD BrightView Laptop, Intel Celeron N150, 16GB RAM, 288GB Storage (128GB UFS + 160GB Docking Station Set), Intel UHD Graphics, 720p Webcam, Wi-Fi, 1 Year Office 365, Win 11 S, Gold",N/A,4.2 out of 5 stars,100+ bought in past month,N/A
"msi Thin 15 15.6” 144Hz FHD Gaming Laptop: Intel Core i7-13620H, NVIDIA Geforce RTX 4050, 16GB DDR4, 512GB NVMe SSD, WiFi 6E, Win 11: Black B13VE-2678US",N/A,4.4 out of 5 stars,50+ bought in past month,N/A
"HP Chromebook 11A G8 Education Edition AMD A4-9120C 4GB DDR4-1866 SDRAM, 32GB eMMC 11.6-inch WLED HD Webcam Chrome OS (Renewed)",N/A,4.1 out of 5 stars,500+ bought in past month,N/A
"Microsoft Surface Laptop 5 13.5"" Touchscreen Notebook - 2256 x 1504 - Intel Core i7 12th Gen i7-1265U - Intel Evo Platform - 16 GB Total RAM - 512 GB SSD - Platinum",N/A,4.6 out of 5 stars,,N/A
"ASUS ROG Strix G18 (2025) Gaming Laptop, 18” ROG FHD+ 16:10 144Hz, NVIDIA® GeForce RTX™ 5050, AMD Ryzen™ 9 8940HX Mobile Processor, 16GB DDR5-5200Mhz, 1TB SSD, Wi-Fi 6E, Wind 11 Home",N/A,4.2 out of 5 stars,,N/A
"ASUS TUF A18 Gaming Laptop, 18"" FHD+ 144Hz Display, AMD Ryzen 7 260(>i7-14650HX), NVIDIA GeForce RTX 5060, 16GB D5 RAM, 1TB SSD, Backlit Keyboard, Wi-Fi 6E, FHD Camera, Win 11 Pro","1,259
..49",1.0 out of 5 stars,"Price, product page
$1,259.49
$1,259
.
49",N/A
"HP Ultra Slim Laptop for Students and Business | 1 Year Office 365 | 1.1TB Storage (1TB Cloud and 64GB Hard Drive) | Intel Quad-Core, 8GB RAM | Windows 11 Home w/o Earbuds",N/A,4.1 out of 5 stars,,N/A
"HP Convertible 2-in-1 Chromebook in Blue 14"" Touch FHD Intel 4-Core up to 3.40GHz 4GB Ram 64GB Storage 4K Graphics Super-Fast WiFi Chrome OS (14b - Renewed)",N/A,4.4 out of 5 stars,400+ bought in past month,N/A
"HP Portable Laptop, Student and Business, 14"" HD Display, Intel Quad-Core N4120, 16GB DDR4 RAM, 64GB eMMC, 1 Year Office 365, Webcam, SD Card Reader, HDMI, Wi-Fi, Windows 11 Home, White, KKE Mousepad",N/A,3.8 out of 5 stars,,N/A
"ASUS Laptop, 14-inch FHD Display, Intel Pentium Silver N6000, 4GB RAM, 64GB eMMC Storage, Windows 11 Home in S Mode, Intel UHD Graphics, Star Black, E410KA-PM464 (Renewed)",N/A,4.2 out of 5 stars,50+ bought in past month,N/A
"Dell Latitude 5440 14"" Notebook - Full HD - 1920 x 1080 - Intel Core i5 13th Gen i5-1335U Deca-core (10 Core) - 16 GB Total RAM - 256 GB SSD - Titan Gray",N/A,3.6 out of 5 stars,,N/A
"Lenovo ThinkPad T14 Gen 6 21QG0006US 14"" Copilot+ PC Notebook - WUXGA - 60 Hz - Intel Core Ultra 5 228V - 32 GB - 512 GB SSD - English Keyboard - Black",N/A,N/A,,N/A
"msi Stealth A16 AI+ 16” 240Hz QHD+ OLED Gaming Laptop: AMD Ryzen 9 HX 370, NVIDIA Geforce RTX 5070Ti, 32GB DDR5, 2TB NVMe SSD, Wi-Fi 7, Win 11 Home :Core Black A3XWHG-079US",N/A,5.0 out of 5 stars,,N/A
"MSI Stealth 18 HX AI 18” 120Hz UHD+ Gaming Laptop: Intel Ultra 9-275HX, NVIDIA Geforce RTX 5090, 64GB DDR5, 2TB NVMe SSD, Wi-Fi 7, Win 11 Pro: Black A2XWJG-035US",N/A,4.0 out of 5 stars,,N/A
"Microsoft Surface Laptop 5 13.5"" Touchscreen, Intel Evo Core i5-1235U 1.3GHz, 8GB RAM, 256GB SSD, Windows 11 Pro, Platinum",N/A,4.2 out of 5 stars,,N/A
"Dell Inspiron 5440 Laptop - 14-inch 16:10 FHD+ Display, Intel Core 7 Processor 150U Processor, 16GB DDR5 RAM, 1TB SSD, Intel UHD Graphics, Windows 11 Home, Onsite Service + Dell Migrate - Ice Blue","624
..49",N/A,"Price, product page
$624.49
$624
.
49",N/A
"ASUS Vivobook 16"" FHD WUXGA Laptop, Intel i7-1255U, 16GB RAM, 1TB PCle SSD, Intel Iris Xe Graphics, Numeric Keypad, Webcam, WiFi, Bluetooth, Win 11 Pro, Black (Renewed)",N/A,N/A,N/A,N/A
"Dell Inspiron 15 3000 Business Laptop, 15.6"" FHD Display, 12th Gen Intel Core i7-1255U, Windows 11 Pro, 32GB DDR4 RAM, 1TB PCIe SSD, WiFi 6, SD Card Reader, Long Battery Life (Renewed)",N/A,N/A,N/A,N/A
"Microsoft Surface Laptop 4 13.5"" Touch AMD RYZEN 5 16GB 256GB SSD Win 11 PRO Matte Black(Renewed)",N/A,4.2 out of 5 stars,N/A,N/A
"Dell Precision 7750 Mobile Workstation - 17.3"" UHD (3840 x 2160) WVA AG 500-nits Display - 5.1 GHz Intel Core i7-10875H 8-Core - 512GB SSD - 32GB RAM - Quadro RTX 4000 8GB GDDR6 - Win10 Pro",N/A,5.0 out of 5 stars,,N/A
"Lenovo Ideapad 3 Laptop, 15.6"" HD Touchscreen Display, 11th Gen Intel Core i3-1115G4 Processor, 12GB DDR4 RAM, 512GB PCIe SSD, Bluebooth, Webcam, Wi-Fi, HDMI, Windows 11 Home, Grey",N/A,4.3 out of 5 stars,,N/A
"HP Envy x360 2-in-1 14"" FHD IPS Touchscreen Laptop Intel Core i5-1335U(Beats i7-1260U) Backlit KB Fingerprint Reader, Windows 11 | Natural Silver (8GB RAM | 512GB SSD) (14 inch)",N/A,4.4 out of 5 stars,50+ bought in past month,N/A
"HP 15.6"" Portable Laptop, HD Display, Intel Quad-Core N200 Processor, 16GB RAM, 128GB Storage, Wi-Fi 6, Webcam, HDMI, Numeric Keypad, Windows 11 Home, Silver",N/A,4.1 out of 5 stars,50+ bought in past month,N/A
"Dell 16 Business Laptop 16"" WUXGA Touchscreen AMD 8-core Ryzen 7 250 32GB DDR5 2TB SSD Backlit ExpressCharge Wi-Fi6 for Creator Designer Business Professional Win11","949
..49",5.0 out of 5 stars,"Price, product page
$949.49
$949
.
49 
Typical: $1,049.00
Typical: 
$1,049.00
$1,049.00",N/A
"ASUS 2023 Vivobook 14 Laptop, 14” FHD (1920 x 1080) Display, Intel Core i5-1235U CPU, Intel Iris Xᵉ Graphics, 8GB RAM, 256GB SSD, Windows 11 Home, Quiet Blue, F1404ZA-AS51",N/A,4.2 out of 5 stars,,N/A
"HP 14"" HD Laptop, Windows 11, Intel Celeron Dual-Core Processor Up to 2.60GHz, 4GB RAM, 64GB SSD, Webcam, Dale Pink (Renewed)","165
..00",4.3 out of 5 stars,200+ bought in past month,N/A
"Dell Inspiron 3520 15.6"" FHD Laptop, Intel Core i7-1255U Processor, 32GB RAM, 1TB SSD, Webcam, HDMI, SD-Card Slot, Wi-Fi 6, Windows 11 Home, Black",N/A,4.0 out of 5 stars,,N/A
"Titan 18 HX Dragon Edition Norse Myth 18"" 120Hz MiniLED UHD+ Gaming Laptop: Intel Ultra 9-285HX, NVIDIA Geforce RTX 5090, 96GB DDR5, 6TB SSD, Thunderbolt 5, Wi-Fi 7, Win 11 Pro: Black A2XWJG-440US",N/A,N/A,,N/A
"HP 17.3"" AI Laptop, Intel Core Ultra 7 255U, 32GB DDR5, 1TB SSD, HD Touchscreen, Backlit Keyboard, Windows 11 Pro, Wi-Fi 6, Natural Silver",N/A,3.4 out of 5 stars,,N/A
"Acer Nitro 5 AN515-58-57Y8 Gaming Laptop | Intel Core i5-12500H | NVIDIA GeForce RTX 3050 Ti Laptop GPU | 15.6"" FHD 144Hz IPS Display | 16GB DDR4 | 512GB Gen 4 SSD | Killer Wi-Fi 6 | Backlit Keyboard",N/A,4.5 out of 5 stars,50+ bought in past month,N/A
"ASUS TUF F16 Gaming Laptop, 16” 165Hz IPS 16:10 Display, 14th Gen Intel 16-Core i7-14650HX(>i9-13900HX), NVIDIA GeForce RTX 5070,16GB DDR5 RAM, 1 TB PCIE SSD, Backlit KB, W/Res 256G PSD, Win 11 H","1,364
..49",N/A,"Price, product page
$1,364.49
$1,364
.
49",N/A
"HP 17.3 Touchscreen Laptop Computer - Intel 12-Core Ultra 7 255U, 16GB DDR5, 1TB SSD, Windows 11 Pro, Wi-Fi 6, BT 5.4, Built-in AI(12 Tops), Backlit KB, Copilot, HP Laptop for Business","799
..49",N/A,"Price, product page
$799.49
$799
.
49",N/A
"HP 17 Business Laptop, 17.3"" HD+ Computer, Lifetime MS Office 2024, Copilot AI, 8-Core Intel i3 CPU, 16GB RAM, 1TB Storage (500GB SSD + 500GB Ext), Wi-Fi 6, HubxcelAccessory, Long Battery, Win 11 Pro",N/A,4.4 out of 5 stars,50+ bought in past month,N/A
"HP Portable 15'' HD Micro-Edge IPS Laptop, Intel Pentium Processor Up to 3.68GHz, 4GB DDR4, 128GB SSD, HDMI, Webcam, Ultra-Fast 6th Gen WiFi, Windows 11 OS, Dale Blue, Renewed",N/A,4.1 out of 5 stars,50+ bought in past month,N/A
"Dell Inspiron 15 3520 Business Laptop, 15.6"" FHD Display, 12th Gen Intel Core i3-1215U (6 cores), 16GB RAM, 512GB SSD, Intel UHD Graphics, Wi-Fi 6, Bluetooth, Anti-Glare, Windows 11 Home",N/A,4.2 out of 5 stars,,N/A
"HP Touchscreen Laptop, Intel Ultra 7 255U 12-Core(Beat Core 7 150U), 17.3 Inch HD+ Anti-Glare 250 nit Display, 16GB DDR5, 1TB SSD, Copilot AI, Backlit KB, Long Battery, Windows11 Pro, w/Accessories",N/A,N/A,,N/A
"ASUS TUF A18 18"" WUXGA 144Hz Gaming Laptop, AMD Ryzen 7 260, NVIDIA GeForce RTX 5060, 32GB DDR5, 1TB SSD, RGB Backlit Keyboard, Copilot, FHD IR Camera, Wi-Fi 6E, Win 11, Gray, 1TB Docking Station Set",N/A,5.0 out of 5 stars,,N/A
"acer Aspire Premium Laptop | AMD Ryzen 7 5700U (Beats i7-1250U) CPU | 32GB RAM | 1TB SSD | 15.6"" FHD Display | Fast Wi-Fi 6 | Sleek Design | Ethernet Port | Windows 11 | w/WOWPC System Recovery USB",N/A,4.1 out of 5 stars,,N/A
"ASUS Vivobook14"" FHD Business Laptop, Intel Core i5 1235U, 16GB RAM, 512GB SSD, Iris Xe Graphics, Backlit Keyboard, Fingerprint Sensor, HD Camera, WiFi 6, Win 11 Pro, Blue, 32GB USB Card (Renewed)…",N/A,5.0 out of 5 stars,N/A,N/A
"Dell Latitude 3190 Intel Celeron N4100 X4 2.4GHz 4GB 64GB 11.6in Windows 11 Pro, Black (Renewed)",N/A,4.1 out of 5 stars,500+ bought in past month,N/A
"Lenovo IdeaPad 1 14 Laptop, 14.0"" HD Display, Intel Celeron N4020, 4GB RAM, 64GB Storage, Intel UHD Graphics 600, Win 11 in S Mode, Cloud Grey",N/A,3.9 out of 5 stars,,N/A
"HP 15.6'' HD Chromebook Laptop, Intel Processor N200, 8GB RAM, 64GB eMMC + 64GB Card, Webcam, WiFi, Zoom Meeting, Bluetooth, USB-A&C, Chrome OS- Natural Silver",N/A,4.1 out of 5 stars,,N/A
"msi Thin 15 Gaming Laptop 15.6"" FHD IPS 144Hz Intel 8 core i5-13420H (Beats i7-11800H) 16GB RAM 1TB SSD NVIDIA GeForce RTX 3050 Backlit Type-C Win11 ICP Hub",N/A,4.1 out of 5 stars,,N/A
"Samsung Galaxy Chromebook Go 14"" LED HD Laptop, Intel Celeron N4500, 4GB LPDDR4X, 288GB Storage (128GB eMMC+160GB Docking Station Set), Intel UHD Graphics, Wi-Fi 6, 720p Camera, Chrome OS, Silver",N/A,4.3 out of 5 stars,,N/A
"Dell Inspiron 15.6"" FHD Touchscreen Laptop, AMD Ryzen 7 7730U, 16GB DDR4 RAM, 512GB SSD, AMD Radeon Graphics, Number Pad, HD Webcam, Windows 11 Pro, Black (Renewed)",N/A,N/A,N/A,N/A
ASUS TUF FX505DT Gaming Laptop Computer 15.6” | AMD R5-3550H Processor| 8GB DDR4 256GB PCIe SSD|Gigabit Wi-Fi 5|Windows 10 Home|FX505DT-UB52|RGB Keyboard,N/A,4.2 out of 5 stars,,N/A
"Lenovo ThinkPad E16 Business Laptop, 16"" FHD+ Anti-Glare Touchscreen, AMD Ryzen 5 7535U, 16GB DDR5, 512GB SSD, Wi-Fi 6E, Fingerprint, Backlit, Webcam, Windows 11 Pro, Bundle with 7-in-1 USB-C Hub",N/A,4.2 out of 5 stars,50+ bought in past month,N/A
"HP Victus 15.6 i5 Gaming Laptop, 15.6"" FHD 1920*1080 144Hz, Intel Core i5-12450H, NVIDIA GeForce RTX 3050, 32GB RAM, 1TB SSD, Backlit KB, Touchpad, SD Card Reader, Webcam, HDMI, Wi-Fi 6, W11 H, Blue",N/A,4.3 out of 5 stars,,N/A
Microsoft Surface Laptop 4 13.5” Touch-Screen – Intel Core i7 - 32GB - 1TB Solid State Drive - Matte Black,N/A,4.4 out of 5 stars,,N/A
"ASUS Vivobook X1402ZA Laptop, 14"" 1920 x 1080, Intel Core i7-1260P 12-Core, 16GB DDR4, 1TB SSD, Windows 11 Home, Backlit KB, WIFI6, BT5, HD Camera, Silver (Renewed)",N/A,N/A,N/A,N/A
"Lenovo IdeaPad Gaming 3 15.6” FHD 120Hz Laptop, AMD Ryzen 5 5600H, NVIDIA GeForce GTX 1650 4GB DDR6, 16GB RAM, 512GB SSD, Backlit Keyboard, Black, Win 11 Pro, 32GB Hotface USB Card (Renewed)",N/A,5.0 out of 5 stars,N/A,N/A
"MSI Summit E14 Flip Evo Business Laptop, 2024, 14"" 2880x1800 Touch, Intel-12 Core i7-1360P, 32GB LPDDR5, 1TB SSD, Win11 Home, Backlit KB, Wi-Fi 6E, BT 5.2, Thunderbolt 4, 1080p FHD + IR Camera, Black","899
..49",N/A,"Price, product page
$899.49
$899
.
49",N/A
"HP EliteBook 8 G1a 14"" Touchscreen Copilot+ PC Notebook - WUXGA - AMD Ryzen AI 7 350-64 GB - 1 TB SSD - English Keyboard - Glacier Silver - AMD Chip - 1920 x 1200 - Windows 11 Pro - Radeon 860M - in","2,450
..00",N/A,"Price, product page
$2,450.00
$2,450
.
00",N/A
"HP 15.6-inch Touch-Screen Laptop, 11th Generation Intel Core i7-1165G7, Intel Iris Xe Graphics, 16 GB RAM, 512 GB SSD, Windows 11 Home (Natural Silver)",N/A,4.3 out of 5 stars,,N/A
"MSI GF63 Thin Gaming Laptop, 15.6"" FHD 144Hz, Intel i5-11400H, RTX 3050, 16GB RAM, 512GB NVMe SSD, Windows 11, Aluminum Black","729
..99",4.4 out of 5 stars,"Price, product page
$729.99
$729
.
99",N/A
"ASUS VivoBook Flip Thin And Light 2-in-1 Laptop - 11.6"" HD Touchscreen, Intel Dual-Core Celeron N3350 Processor, 4GB RAM, 64GB eMMC Storage, Windows 10 in S Mode, Office 365 - J202NA-DH01T",N/A,4.0 out of 5 stars,,N/A
HP Pavilion Intel Pentium Silver N5000 4GB 128GB SSD Windows 10 Laptop Red,N/A,4.4 out of 5 stars,,N/A
"EXCaliberPC [2026] MSI Titan 18 HX Dragon Edition Norse Myth A2XWIG-442US (Intel Ultra 9 285HX, 128GB RAM, 2TB Gen5 + 16TB Gen4 NVMe SSD, RTX 5080, 18"" UHD+ Mini LED, Windows 11 Pro) Gaming Laptop","8,395
..00",N/A,"Price, product page
$8,395.00
$8,395
.
00",N/A
"msi Prestige 13 AI Evo Laptop: Intel Ultra 7-155H, 13.3"" UHD+ OLED Display, 16GB DDR5, 1TB NVMe SSD, HDMI, MicroSD Card Reader, Win 11 Pro: Stellar Gray A1MG-029US","975
..00",4.1 out of 5 stars,"Price, product page
$975.00
$975
.
00 
List: $1,299.99
List: 
$1,299.99
$1,299.99",N/A
"Lenovo 2024 IdeaPad 1 Gen 7 Laptop, 15.6"" FHD Touchscreen, Intel Core i3-1215U, 16GB RAM, 1TB SSD, SD Card Reader, HDMI, Webcam, Wi-Fi 6, Windows 11 Home, Grey",N/A,4.5 out of 5 stars,,N/A
"DELL Inspiron 3000 Series 3520 Laptop, 15.6"" FHD Touchscreen, Intel Core i5-1155G7, 32GB DDR4 RAM, 1TB PCIe SSD, Webcam, SD Card Reader, Wi-Fi, Windows 11 Home, Black",N/A,4.0 out of 5 stars,,N/A
"LENOVO IdeaPad Gaming 3 Gaming Laptop, 15.6"" FHD 120Hz Display, AMD Ryzen 5 6600H, 64GB RAM, 2TB PCIe SSD, NVIDIA GeForce RTX 3050, Backlit Keyboard, Onyx Gray, Win 11, 32GB USB Card",N/A,2.9 out of 5 stars,,N/A
"Dell Inspiron 16 Plus 7640 Laptop- 16.0-inch 16:10 2.5K Display, Intel Core Ultra 7-155H, 32GB DDR5 RAM, 2TB SSD, NVIDIA GeForce RTX 4060 8GB GDDR6, Windows 11 Home, Onsite & Migrate Service- Ice Blue",N/A,4.0 out of 5 stars,,N/A
"HP Victus 15.6"" FHD 144Hz Gaming Laptop, Intel i5-13420H, 32GB RAM, 2TB Storage (1TB SSD+1TB Docking Station Set), NVIDIA GeForce RTX 4050, HD Camera, Backlit Keyboard, WiFi 6, Win 11 Pro, Silver",N/A,N/A,New on Amazon in past month,N/A
"HP Laptop 17.3"" FHD Display, Fingerprint Reader, 32GB RAM, 1TB SSD, Intel i3 N305, HDMI, Webam, Type C, Windows 11, Large Screen and Fast Processor for All (Renewed)",N/A,2.5 out of 5 stars,N/A,N/A
"ASUS ROG Strix G16 16"" FHD+ 165Hz Gaming Laptop, Intel i7-14650HX (Beats Intel i9-13900), GeForce RTX 5060, 16GB DDR5 RAM, 1TB SSD, Backlit Keyboard, Wi-Fi 7, Gray, Win 11 Pro (Renewed)",N/A,N/A,N/A,N/A
"MSI Modern 15 Laptop: 13th Gen Core i9-13900H, 32GB RAM, 1TB SSD, 15.6"" Full HD IPS Display, Backlit Keyboard, Windows 11",N/A,4.3 out of 5 stars,,N/A
"Lenovo LOQ 15.6"" FHD 144Hz Gaming Laptop, Intel i5-13450HX, NVIDIA GeForce RTX 5050 8GB GDDR7, 64GB DDR5, 5TB Storage (4TB SSD +1TB Docking Station), Backlit Keyboard, 5.0MP Camera, Win 11 Pro, Gray",N/A,N/A,,N/A
"Dell Precision 7780 Mobile Workstation - 17.3"" FHD 500-nits Display - Intel Core i9-13950HX 24-Core (13th Gen) - 1TB SSD - 64GB DDR5 RAM - NV RTX 4000 ADA (12GB GDDR6) - Windows 11 pro",N/A,5.0 out of 5 stars,,N/A
"Lenovo Legion 5 17.3"" 144Hz Gaming Laptop, AMD Ryzen 7 5800H, 16GB RAM, 512GB PCIe SSD, NVIDIA GeForce RTX 3050, Backlit Keyboard, Phantom Blue, Windows 11, 32GB Hotface USB Card (Renewed)",N/A,N/A,N/A,N/A
"Flagship Lenovo Premium Flex 14 Convertible Laptop: 14"" FHD IPS Touchscreen, Dynamic 8-Core AMD Ryzen 7 5700U, 16GB RAM, 1TB SSD, WiFi-6, HDMI, USB-C, Backlit-KYB, FP-Reader, Win11, T.F",N/A,4.2 out of 5 stars,,N/A
"Microsoft Surface Laptop for Business (2025) Windows 11 Pro Copilot+ PC, 13.8"" Qualcomm Snapdragon X Plus, 16 GB RAM, 512 GB SSD Storage, Black",N/A,N/A,,N/A
"acer Aspire 14 AI Portable Laptop 14"" WUXGA Matte Touch Intel 8-core Ultra 5 226V (Up to 40 NPU Tops - Up to 53 GPU Tops) 16GB RAM 1TB SSD for Creator Business Work Win11Pro ICP Hub/Copilot+ AI PC","569
..49",N/A,"Price, product page
$569.49
$569
.
49",N/A
"ASUS VivoBook 15 Slim 15.6"" FHD Laptop, Intel i5-1240P, 16GB RAM, 512GB PCIe SSD, Intel Iris Xe Graphics, Backlit Keyboard, Fingerprint Reader, Wi-Fi 6, Windows 11 Pro, Blue (Renewed)",N/A,4.3 out of 5 stars,N/A,N/A
"ASUS ZenBook 13 Ultra-Slim Laptop, 13.3” OLED FHD NanoEdge Bezel Display, Intel Core i7-1165G7, 8GB LPDDR4X RAM, 512GB SSD, NumberPad, Thunderbolt 4, Wi-Fi 6, Windows 10 Home, Pine Grey, UX325EA-ES71",N/A,3.9 out of 5 stars,,N/A
"HP OmniBook X Flip 2-in-1 16"" FHD+ Touch Screen Laptop |AMD Ryzen AI 5 340|AMD Radeon 840M | Copilot|Backlit|Meteor Silver| 16GB RAM DDR5 | 512GB SSD |Windows 11 Home|Bundle with Wireless Mouse",N/A,4.5 out of 5 stars,,N/A
"HP Stream 14"" HD BrightView Laptop, Intel Celeron N4120 Processor, 8GB RAM, 64GB SSD, Intel UHD Graphics, 720p Webcam, WiFi, HDMI, Win 11 S, Gold (Renewed)",N/A,4.2 out of 5 stars,N/A,N/A
"Dell Latitude 5520 Business Laptop, 15.6"" FHD Display, Intel Core i5-1135G7 vPRO, 16GB RAM, 512GB SSD, IR Camera, HDMI, Backlit Keyboard, Wi-Fi 6, RJ-45, Thunderbolt 4, Windows 11 Pro",N/A,4.3 out of 5 stars,,N/A
Dell 16 Touchscreen Laptop -AMD Ryzen 7 250 Beat Ultra 7 155H -16inch FHD+ Touch -16GB RAM| 1TB SSD -Backlit Keyboard -Office 365 -Windows 11 -Copilot Laptop Portatil PC- Business College,"699
..49",4.0 out of 5 stars,"Price, product page
$699.49
$699
.
49",N/A
"Lenovo 2022 Legion 5 Gaming 15.6"" FHD 165Hz Laptop Computer, AMD R7-5800H (Beats i7-10750H), 32GB RAM, 512GB PCIe SSD, Backlit Keyboard, GeForce RTX 3060 Graphics, Windows 11, 32GB USB Card (Renewed)",N/A,N/A,N/A,N/A
"HP 2024 Portable 15'' HD Micro-Edge IPS Laptop, Intel Pentium Processor Up to 3.68GHz, 16GB DDR4, 128GB SSD, HDMI, Webcam, Ultra-Fast 6th Gen WiFi, Windows 11 OS, Dale Red (Renewed)",N/A,4.1 out of 5 stars,50+ bought in past month,N/A
"HP 14"" Flagship Laptop, Windows 11 OS, Intel Pentium Processor Up to 2.60 GHz, 4GB RAM, 128GB SSD, Webcam, Natural Silver (Renewed)",N/A,3.9 out of 5 stars,N/A,N/A
"ASUS Zenbook 14 Laptop - AMD Ryzen 5-8GB RAM - GEFORCE MX350-256GB SSD - Win 10, Light Gray","439
..49",4.2 out of 5 stars,"Price, product page
$439.49
$439
.
49",N/A
"Lenovo Legion 5 15AHP10 RTX 5060 Pro Gaming Laptop,15.1 OLED WQXGA(2560 x 1600) 165Hz, AMD Ryzen 7 260(Beats Intel i7-14700), NVIDIA RTX 5060, 32GB DDR5 RAM,1TB SSD, Wi-Fi 7, Bundle PCO Laptop Cooler",N/A,4.3 out of 5 stars,,N/A
"HP 14"" HD (1366 x 768) Display Laptop, Intel Celeron N4120, 1.1GHz, 4GB Memory, 128GB eMMC, Windows 11 Home in S Mode, One Year Office 365 Included, Natural Silver, 14-dq0760dx",N/A,4.4 out of 5 stars,,N/A
"HP 17t Laptop, 17.3"" HD+ Touchscreen, Intel Core i5-1135G7 Processor 2.4GHz to 4.2GHz, 32GB RAM, 1TB PCIe SSD, Webcam, Wi-Fi 6, Backlit Keyboard, Windows 11 Home, Silver",N/A,4.4 out of 5 stars,,N/A
"ASUS ROG Strix G18 (2025) Gaming Laptop, 18” 16:10 144Hz/3ms, NVIDIA® GeForce RTX™ 5060, AMD Ryzen™ 9 9955HX Processor, 16GB DDR5-5600, 2TB PCIe Gen 4 SSD, Wi-Fi 6E, Windows 11 Home, G814FM-DS95",N/A,4.8 out of 5 stars,50+ bought in past month,N/A
"acer Chromebook 311 CBOA311-1H-C90F 11.6"" HD Display (Intel Celeron N4500 Dual-Core, 4GB LPDDR4X RAM, 64GB eMMC, Intel UHD Graphics, Bluetooth, Wi-Fi, Chrome OS)",N/A,3.9 out of 5 stars,50+ bought in past month,N/A
"Lenovo ThinkPad E16 Gen 2 Laptop - Ryzen 7 7735U, 16GB RAM, 1TB SSD, Radeon 680M, Windows 11 Pro, 16"" WUXGA, IPS, Touch, Graphite Black (21M5001EUS)",N/A,N/A,,N/A
"DELL 16"" Touchscreen Business Laptop,8 Cores AMD Ryzen 7 250 32GB DDR5 RAM 2TB SSD (Beat Core 7 150U, up to 5.1GHz) Backlit Keyboard, Wi-Fi6, AI Copilot, Windows 11 Pro, Carbon Black","949
..49",5.0 out of 5 stars,"Price, product page
$949.49
$949
.
49",N/A
"Dell Inspiron 14 7440 2-in-1 Business Laptop (14"" FHD+ Touchscreen, Intel Core 7 150U(> i7-1355U), 32GB RAM, 1TB SSD) Backlit KB, FP Reader, FHD Webcam, IST Active Pen, Win 11 Pro w/AI Copilot, Blue",N/A,3.8 out of 5 stars,,N/A
"Lenovo IdeaPad L340 17.3"" FHD Gaming Laptop Computer, 9th Gen Intel Hexa-Core i7-9750H Up to 4.5GHz, 16GB DDR4 RAM, 1TB HDD + 256GB PCIE SSD, GeForce GTX 1650 4GB, 802.11ac WiFi, Windows 10 Home",N/A,4.7 out of 5 stars,,N/A
"HP 2026 17 inch Touchscreen Laptop, Windows 11 Pro, Copilot AI, AMD Ryzen 5 7430U, 17.3"" HD+ Anti-Glare Touch Screen, 32 GB RAM, 2 TB SSD, Fast Charge, HD Camera, Wi-Fi 6, Bluetooth 5.4, Accessories",N/A,3.7 out of 5 stars,50+ bought in past month,N/A
"HP Stream 14"" HD (1366 x 768) Laptop, Intel Celeron N4120, 4GB Memory, 128GB eMMC, Media card slot, WiFi, Bluetooth, Windows 11 Home in S Mode, Jet Black (Renewed)",N/A,5.0 out of 5 stars,N/A,N/A
"HP ZBook Ultra G1a 14"" Touchscreen Mobile Workstation - 2.8K - AMD Ryzen AI MAX PRO 390-64 GB - English Keyboard - Meteor Silver - Smart Buy - AMD Chip - 2880 x 1800 - Windows 11 Pro - Radeon 8050S",N/A,5.0 out of 5 stars,,N/A
"ASUS 14"" Laptop, 14"" FHD Display, Intel Celeron N4500, 4GB Memory, 64GB eMMC, Touchpad, Webcam, HDMI, Wi-Fi, Windows 11 Home, Quiet Blue (Renewed)",N/A,3.5 out of 5 stars,N/A,N/A
"Dell Inspiron 16"" FHD+ Touchscreen Laptop, 32GB RAM 1TB SSD, Intel Core 7 150U Processor, Windows 11 Pro with Microsoft Office Lifetime Suite, Fingerprint Reader, Backlit Keyboard, Ice Blue",N/A,3.3 out of 5 stars,,N/A
"Lenovo IdeaPad Flex 5 16"""" 2-in-1 2.5K IPS Touchscreen Laptop, Intel Core i7-1255U, 16GB RAM, 1TB SSD, Backlit Keyboard, Fingerprint Reader, Win 11 Pro, Storm Grey, 32GB Hotface USB Card, Gray",N/A,4.2 out of 5 stars,,N/A
"ASUS Vivobook 14 14” FHD Display Laptop, Intel Core 5 120U, Intel Graphics, 8GB DDR4, 256GB SSD, Wi-Fi 6, Bluetooth, Copilot AI, Windows 11 Home in S Mode, Quiet Blue, X1404VAP-V14.C58256","357
..49",1.0 out of 5 stars,"Price, product page
$357.49
$357
.
49 
List: $379.00
List: 
$379.00
$379.00",N/A
"Hp Stream 14"" HD BrightView Laptop, Intel Celeron N4120 Processor, 4GB RAM, 64GB Storage, Intel HD Graphics, 720p Webcam, 1 Year Office 365, Pink, Win 11 S, 32GB Hotface USB Card (Renewed)",N/A,3.8 out of 5 stars,N/A,N/A
"Lenovo LOQ 15.6"" 144Hz FHD(1920x1080) IPS Gaming Laptop Intel 14-Core i7-13650HX NVIDIA GeForce RTX 5060 8GB GDDR7 16GB DDR5 512GB SSD Wi-Fi 6 Backlit Keyboard 5.0MP Camera Win11 Home","1,029
..49",5.0 out of 5 stars,"Price, product page
$1,029.49
$1,029
.
49",N/A
"Microsoft Surface Pro 2-in-1 Laptop/Tablet (2025), Windows 11 Copilot+ PC, 12"" Touchscreen Display, Snapdragon X Plus (8 Core), 16GB RAM, 512GB Storage, Violet",N/A,4.4 out of 5 stars,100+ bought in past month,N/A
"Lenovo Chromebook S330 Laptop, 14-Inch FHD Display, MediaTek MT8173C, 4GB RAM, 64GB Storage, Chrome OS",N/A,4.2 out of 5 stars,,N/A
"Lenovo 100E Chromebook 2ND Gen 81QB000AUS Laptop Computer, 11.6"" HD (1366 X 768) Display, MediaTek MT8173C Processor, 4GB RAM, 16GB eMMC TLC SSD, Powervr GX6250, Chrome OS, Black (Renewed)","48
..95",4.0 out of 5 stars,500+ bought in past month,N/A
"HP Chromebook 14"" HD Laptop for Business & Students, Intel Celeron N4120, 4GB LPDDR4, 576GB Storage(64GB eMMC+512GB Docking Station), UHD Graphics, Webcam, Long Battery Life, Chrome OS, Modern Gray",N/A,5.0 out of 5 stars,,N/A
"HP 14 inch Chromebook, Intel N200 Processor, 4GB RAM, 128GB SSD, Glacier Silver",N/A,4.2 out of 5 stars,100+ bought in past month,N/A
"Lenovo ThinkBook 14 G7 ARP 21MV002VUS 14"" Notebook - WUXGA - AMD Ryzen 5 7535HS - 16 GB - 512 GB SSD - English (US) Keyboard - Arctic Gray",N/A,5.0 out of 5 stars,,N/A
"HP 2025 Laptop | 15-fd000 | 15.6"" 1920 x 1080 Touch IPS | Intel-10 Core i7-1355U | Intel Iris Xe Graphics |16GB DDR4 | 512GB SSD | Windows 11 Home | Wi-Fi 6 - BT 5.3-720p HD Camera - Natural Silver","619
..49",N/A,"Price, product page
$619.49
$619
.
49",N/A
"HP Portable Laptop, Student and Business, 14"" HD Display, Intel Quad-Core N4120, 16GB DDR4 RAM, 64GB eMMC, 1 Year Office 365, Webcam, RJ-45, HDMI, Wi-Fi, Windows 11 Home, Silver",N/A,4.1 out of 5 stars,100+ bought in past month,N/A
"acer Aspire 3 Laptop, 15.6"" FHD IPS Display, AMD Ryzen 5 7430U, 32GB RAM, 1TB SSD, AMD Radeon Graphics, Backlit Keyboard, Webcam, Wi-Fi 6, Win 11 Pro, Silver (Renewed)",N/A,N/A,N/A,N/A
"HP 2024 Business Laptop, 17.3"" HD+ Touchscreen, Intel Core i7-1355U(up to 5GHz), 32GB RAM, 2TB SSD, Intel Iris Xe Graphics, Wi-Fi 6, Backlit Keyboard, Windows 11 Pro, with Laptop Stand","1,100
..00",5.0 out of 5 stars,"Price, product page
$1,100.00
$1,100
.
00",N/A
"ASUS ExpertBook B9 OLED, Intel® vPro Essentials with Intel® Core™ 7 Processor, 16GB LPDDR5X RAM, 512GB NVMe™ PCIe® 4.0 SSD, Wi-Fi 6E, Windows 11 Pro, Star Black, B9403CVA-XVE74",N/A,4.7 out of 5 stars,,N/A
"Lenovo Thinkpad X9-14 Gen 1 21QA0006US 14"" Copilot+ PC Notebook - WUXGA - Intel Core Ultra 7 268V - vPro Technology - Intel Evo Platform - 32 GB - 1 TB SSD - English Keyboard - Black, Gray",N/A,4.7 out of 5 stars,,N/A
Lenovo ThinkPad T14 Gen 5 – AMD Ryzen 7 PRO 8840U 14″ WUXGA Touch Laptop – 32 GB DDR5 – 512 GB NVMe SSD – AMD Radeon 780M – Wi-Fi 6E – Windows 11 Pro – Black,N/A,N/A,,N/A
"HP 17 Laptop, 17.3” HD+ Display, 11th Gen Intel Core i3-1125G4 Processor, 8GB RAM, 256GB SSD, Wi-Fi, HDMI, Webcam, Windows 11 Home, Silver",N/A,4.4 out of 5 stars,100+ bought in past month,N/A
"Acer Aspire 3 15.6"" Laptop AMD Ryzen 7 5700U 1.80GHz 16GB RAM 512GB SSD (Renewed)",N/A,4.4 out of 5 stars,N/A,N/A
"Dell LATI7455DV9KG 14"" Latitude 7455 Multi-Touch - Snapdragon X Plus - 16GB - 512GB M.2 NVMe SSD - Copilot - Windows 11 Pro - Laptop",N/A,5.0 out of 5 stars,,N/A
"HP 14"" FHD IPS Laptop, AMD Ryzen 3 3250U Processor, 32GB RAM, 2TB PCIe SSD, AMD Radeon Graphics, 720p HD Webcam, Dual Speakers, Wi-Fi, Bluetooth, Windows 11 S, Silver (Renewed)",N/A,N/A,N/A,N/A
"ASUS Vivobook Personal Laptop (2026):14"" FHD 1920 x 1080 60Hz • 13th Generation Intel Core i7-1355U • 12 GB RAM • 512 GB SSD • Win11 Home • Wi-Fi 5 • 720p HD Camera • Intel Iris Xe Graphics","478
..49",3.0 out of 5 stars,"Price, product page
$478.49
$478
.
49",N/A
"HP Essential Laptop, 17.3"" FHD Display, Intel Core i5-1334U, 16GB RAM, 512GB PCIe M.2 SSD, Wi-Fi 6, Webcam, Backlit Keyboard, Windows 11 Home, Silver",N/A,4.3 out of 5 stars,,N/A
"acer Nitro V Gaming Laptop | AMD Ryzen 5 7535HS Hexa-Core Processor | NVIDIA GeForce RTX 4050 Laptop GPU | 15.6"" FHD IPS 144Hz Display | 8GB DDR5 | 512GB SSD | WiFi 6 | Backlit KB | ANV15-41-R5N6",N/A,4.3 out of 5 stars,,N/A
"Lenovo IdeaPad 1 Laptop, 14"" HD Screen, Intel Celeron N4020, 4GB RAM, 128GB eMMC, Webcam, Wi-Fi 6, Windwos 11 Home, Grey",N/A,4.0 out of 5 stars,,N/A
"HP OmniBook X Flip 2-in-1 Laptop / 14"" 1920x1200 Touch 60Hz / 8 Cores Intel Ultra 7 256V Arc Graphics 140V / 16GB LPDDR5 1TB SSD/Backlit KB Thunderbolt 4 / Win11 Home/Atmospheric Blue / 32GB USB","841
..49",4.0 out of 5 stars,"Price, product page
$841.49
$841
.
49",N/A
"Lenovo Yoga 7i 2-in-1 Laptop, 16"" 2K Touchscreen Laptop AI Copilot, Intel Core Ultra 5 226V, 16GB DDR5, 512GB SSD, Wi-Fi 7, Backlit KB, FP Reader, TB4, IR Camera, w/Stylus Pen, HDMI Cable, Win 11 Pro",N/A,3.9 out of 5 stars,100+ bought in past month,N/A
"Lenovo Legion Pro 7i – Gaming Laptop - Intel® Core™ Ultra 9 275HX – 16"" 2.5K WQXGA OLED Display – 240Hz Refresh Rate – GeForce RTX™ 5070 Ti GPU – 32 GB Memory – 1 TB Storage – 3-Month PC GamePass",N/A,4.3 out of 5 stars,100+ bought in past month,N/A
"Lenovo ThinkBook 15 G2 ITL 15.6"" FHD Notebook PC, Intel Core i5-1135G7, 16GB RAM, 512GB SSD, Thunderbolt4, Business Laptop Windows 11 Pro (Renewed)",N/A,4.1 out of 5 stars,N/A,N/A
"ASUS Vivobook Laptop:14"" FHD Display • 13th Generation Intel Core i5-1334U • Intel Iris Xe Graphics • 12 GB DDR4 SDRAM • 256 GB NVMe SSD • Win11 Home • WiFi 5 • 720p HD Camera","377
..49",N/A,"Price, product page
$377.49
$377
.
49",N/A
